metric,estimate,numerator,denominator,ci95_low,ci95_high
classification_preservation,1.0,1330.0,1330.0,,
DCEC_rate,0.3278195488721804,436.0,1330.0,0.3031832990972974,0.353603817696023
DCEW_rate_given_DCEC,1.0,436.0,436.0,1.0,1.0
mean_E_clean,0.5506005704395597,,,0.5346929835077523,0.5673349433069315
mean_E_adv,0.0036757618693902,,,0.0032215772609922,0.0041543532494581
median_relative_E_degradation,0.9999448170327276,,,0.9999292999176038,0.9999527891227906
mean_RRA_clean,0.4996700772564073,,,0.4906157458498444,0.5083649684577983
mean_RRA_adv,0.0086992655610409,,,0.0072962313873078,0.0102308185052292
median_relative_RRA_degradation,1.0,,,1.0,1.0
median_mu_clean,16.37125528369259,,,14.6933828346492,17.76730876040566
median_mu_adv,0.0006931169795223,,,0.0006119469578748,0.0008088457350911
median_RRA_lift_clean,13.768054825887344,,,13.114559418287833,14.372684872774546
median_RRA_lift_adv,0.0,,,0.0,0.0
mean_physical_Linf,0.0037033760872769,,,0.0036735695880915,0.0037322423999804
max_physical_Linf,0.00392156862745098,,,,
aggregate_active_GPU_hours,159.09368778686834,,,,
median_minutes_per_image,2.5906960126333614,,,,
mean_minutes_per_image,7.1771588475278945,,,,
runtime_IQR_q25_minutes,0.7152382721750068,,,,
runtime_IQR_q75_minutes,12.418378063183336,,,,
runtime_q95_minutes,25.455845941909146,,,,
spearman_megapixels_runtime,0.9345339579137272,,,,
