group,value,n,DC_adv_rate,DCEC_n,DCEC_rate_all,DCEW_n,DCEW_rate_given_DCEC,classification_flip_n,classification_flip_rate_given_DCEC,E_clean_mean,E_clean_median,E_adv_mean,E_adv_median,relative_E_degradation_median,RRA_clean_mean,RRA_clean_median,RRA_adv_mean,RRA_adv_median,delta_RRA_median,A_median,mu_clean_median,mu_adv_median,RRA_lift_clean_median,RRA_lift_adv_median
variant,digital_1,153,1.0,81,0.5294117647058824,81,1.0,0,0.0,0.5552213295191112,0.5502558218368603,0.0006975181001897902,0.0001957071580279,0.9996525793689331,0.6478854100711416,0.716475449372945,0.00011914250885024974,0.0,-0.716475449372945,0.141950561069922,3.5293080407917783,0.0012750168653605,4.396325648041196,0.0
variant,digital_2,135,1.0,3,0.022222222222222223,3,1.0,0,0.0,0.19235312428615897,0.1570236285735209,0.0002572985087255249,7.89234113389938e-06,0.9999579942580415,0.5299340108229709,0.5852936285921087,0.00046562500145728406,0.0,-0.5852936285921087,0.0833346672036294,1.7622963828593547,8.005214117369181e-05,6.317990179465668,0.0
variant,digital_3,786,1.0,282,0.35877862595419846,282,1.0,0,0.0,0.6420200334984264,0.6974616227339663,0.0050033907531538075,2.2509202872265103e-05,0.999958225163802,0.48001206570065497,0.4815924904336473,0.012459036079963702,0.0,-0.4723846727985008,0.027570201426025648,23.689217823017522,0.00082321246358855,17.06232800074146,0.0
variant,facedancer,107,1.0,0,0.0,0,,0,,0.11194378876259875,0.1018343365086677,2.0423779225663172e-05,1.754367404243819e-06,0.9999848145761138,0.38702354229380215,0.3767937206109282,1.4695772420551427e-05,0.0,-0.3767937206109282,0.0749750762874092,1.4942962365323509,2.410220465451139e-05,5.799460336424328,0.0
variant,textdiffuserft_bfei,149,1.0,70,0.4697986577181208,70,1.0,0,0.0,0.7031979312899175,0.7778054789245893,0.005452733167288916,0.0001032507285792,0.999833099273114,0.5046485965294242,0.499745213656548,0.011372887319686114,0.0,-0.49461211303316566,0.0415750915750915,18.7658482281736,0.0025342998899851,12.31504592222603,0.0
hardware_source,huawei,450,1.0,111,0.24666666666666667,111,1.0,0,0.0,0.5774427738140907,0.6686443492633739,0.008437260023339839,5.574074292007821e-05,0.999871568085255,0.5026708031375684,0.47923352237599415,0.021621011703220627,0.0,-0.4549703844384093,0.03490784245868795,18.82395572654066,0.00104024047753445,13.03903011917038,0.0
hardware_source,iphone15,81,1.0,29,0.35802469135802467,29,1.0,0,0.0,0.5900355729545043,0.7363712428986423,0.0033636812175886887,2.801838442019e-05,0.9999569397320608,0.5627443528483761,0.5313819307627358,0.006036246176433513,0.0,-0.5264600424261766,0.0425679789378419,18.200075713829143,0.0006598140251055,12.043171446999832,0.0
hardware_source,iphone15pro,358,1.0,215,0.6005586592178771,215,1.0,0,0.0,0.6947975789342619,0.7830501604372292,0.0019649308732180575,3.5730090501644656e-05,0.9999464824136446,0.5745527699744903,0.5465371796426453,0.0035427966767084492,0.0,-0.5448678581368436,0.0282448595979429,26.047785383948316,0.0009086965865170501,18.120752099325586,0.0
hardware_source,scan,441,1.0,81,0.1836734693877551,81,1.0,0,0.0,0.3989095142868321,0.3794225953734036,0.00026324908061087113,1.436201492856958e-05,0.9999572368281904,0.424233916343605,0.4546097062980996,0.00018891333147959545,0.0,-0.4546097062980996,0.0333729907097059,10.523585364231527,0.0004672446385467,13.228471453028453,0.0
eval_split,dev_val,288,1.0,84,0.2916666666666667,84,1.0,0,0.0,0.3851268583161649,0.34555104654225555,0.0004911651666909158,7.125673156311714e-05,0.9998159189562623,0.5925956916735616,0.6580787798407189,0.0002815561772597971,0.0,-0.6580787798407189,0.1143337639606119,2.568836155968365,0.00054110836195035,5.293475245152858,0.0
eval_split,official_test,1042,1.0,352,0.3378119001919386,352,1.0,0,0.0,0.5963361069957379,0.6720256999050687,0.004555957503149795,2.1555650032039086e-05,0.9999566938736396,0.4739862222159653,0.4822257104832403,0.011025849344658063,0.0,-0.4740161211949454,0.029818045082360897,20.35280674338535,0.00075132586406555,15.393708627240265,0.0
