group,value,metric,n,mean,median,q05,q25,q75,q95,min,max
overall,all,A_union,1330,0.05459927014492411,0.0336627355596407,0.02255528748012414,0.0265509199485035,0.06868582286053049,0.1536595464267872,0.0173290574935198,0.3081663931217159
overall,all,E_clean,1330,0.5506005704395597,0.6005999108830148,0.09374234951892185,0.2908613014415831,0.815502610174318,0.9282339991898094,0.0353380735816476,0.9826544460751035
overall,all,E_adv,1330,0.003675761869390278,2.6966724287724556e-05,1.1127043111282148e-06,7.1012215084781784e-06,0.00031494376107182496,0.028614256780308957,4.9949550506242015e-08,0.0592090416858994
overall,all,relative_E_degradation,1330,0.9934973774036839,0.9999448170327276,0.9593976237325373,0.9992865003706031,0.9999840257099503,0.9999961143711864,0.5651977821554864,0.9999994869206617
overall,all,RRA_clean,1330,0.4996700772564073,0.49270403612469504,0.23148431520271717,0.42989438478152336,0.5648898988297932,0.7737418286790159,0.0,0.940429635612042
overall,all,RRA_adv,1330,0.008699265561040986,0.0,0.0,0.0,0.0,0.06884034924219,0.0,0.2797128107755295
overall,all,relative_RRA_degradation,1329,0.9807776729814596,1.0,0.8470155604191315,1.0,1.0,1.0,0.3450453092918783,1.0
overall,all,mu_clean,1330,16.46540782589095,16.37125528369259,1.2980375655105216,3.8546771728380738,26.112496323202958,37.23821104142595,0.7100180788585975,55.71877194485017
overall,all,mu_adv,1330,0.1128158214100743,0.00069311697952235,1.618716536568384e-05,0.00019593247461985,0.0050081116462418,0.8928912037249075,1.5268199532421782e-06,1.384432179744958
overall,all,RRA_lift_clean,1330,13.25950888180811,13.768054825887345,2.654325779278127,8.057281048117053,17.937407363953206,23.339680102482323,0.0,41.05683741910549
overall,all,RRA_lift_adv,1330,0.28785665814805655,0.0,0.0,0.0,0.0,2.156580162063413,0.0,10.532109300815211
overall,all,physical_linf_recomputed,1330,0.003703376087276936,0.0039215686274509,0.0019607843137254,0.0039215686274509,0.0039215686274509,0.0039215686274509,0.0009803921568627,0.0039215686274509
overall,all,physical_l2_recomputed,1330,8.415259587490368,8.942091836498516,5.838240760457091,6.859086463021313,9.902017422617497,10.975262294177632,2.62999602375504,11.318679378951696
overall,all,physical_rms_recomputed,1330,0.0023353658104387355,0.002499585618098,0.001388299221337425,0.00233038856305775,0.002533160584051675,0.002567354990108755,0.0009601546935215,0.0026121614516767
variant,digital_1,A_union,153,0.1569432155166164,0.141950561069922,0.09315678956133851,0.1150910290512783,0.1944612735691556,0.2445557213936004,0.0728205748763177,0.3081663931217159
variant,digital_1,E_clean,153,0.5552213295191112,0.5502558218368603,0.2885495038100535,0.4064935303167585,0.6925340564387324,0.8411245086745718,0.2195689320448799,0.9319983115479964
variant,digital_1,E_adv,153,0.0006975181001897902,0.0001957071580279,8.798336449178016e-06,6.610709484609461e-05,0.0004624683781035,0.0030020536045433613,2.816172093748276e-06,0.0148410765403258
variant,digital_1,relative_E_degradation,153,0.9986053505361008,0.9996525793689331,0.9945359246856063,0.9988758672023574,0.9998711100428582,0.9999795480262629,0.9642803211295156,0.9999936490519552
variant,digital_1,RRA_clean,153,0.6478854100711416,0.716475449372945,0.19324246634889844,0.5248449687413229,0.8128479343158997,0.8870723339457715,0.1539977775826518,0.940429635612042
variant,digital_1,RRA_adv,153,0.00011914250885024565,0.0,0.0,0.0,0.0,0.0003053817974521409,0.0,0.0084778128467868
variant,digital_1,relative_RRA_degradation,153,0.9996580992231193,1.0,0.9992276610297977,1.0,1.0,1.0,0.9657675744878956,1.0
variant,digital_1,mu_clean,153,3.9049166422278123,3.5293080407917783,1.7661538747437127,2.518665378698481,4.940011053369441,6.812492136442935,1.1606287705864455,11.98697425212452
variant,digital_1,mu_adv,153,0.004391662700236913,0.0012750168653605,6.892159320479786e-05,0.0004758821524136,0.0038504773292563,0.020641678758163785,2.198008799698225e-05,0.0665529091644363
variant,digital_1,RRA_lift_clean,153,4.569162414730938,4.396325648041196,1.4132372824204007,2.840142747316813,5.988309295491316,8.139560914771454,0.7773062517070904,12.408203680502822
variant,digital_1,RRA_lift_adv,153,0.0005558410417978626,0.0,0.0,0.0,0.0,0.001527628500125844,0.0,0.0380176671666777
variant,digital_1,physical_linf_recomputed,153,0.00390234525182614,0.0039215686274509,0.0039215686274509,0.0039215686274509,0.0039215686274509,0.0039215686274509,0.0029411764705882,0.0039215686274509
variant,digital_1,physical_l2_recomputed,153,8.633290497882875,9.1545066142027,5.783297137191711,6.817768443657089,9.90628608697068,10.939772655761402,4.631453382934235,11.163963547227029
variant,digital_1,physical_rms_recomputed,153,0.002378597336278577,0.0024670000874486,0.00205045924247696,0.0022814997857544,0.0025165444116071,0.00255563531112808,0.0016948130570438,0.0025824551527754
variant,digital_2,A_union,135,0.09260722595622967,0.0833346672036294,0.0561125012409071,0.0681451617547778,0.1096897201592077,0.15179047091243905,0.0470111028581901,0.1979843921591494
variant,digital_2,E_clean,135,0.19235312428615897,0.1570236285735209,0.07457771393314183,0.11214904897942135,0.2322637542139685,0.42742733740350713,0.0518007806424746,0.6436120423494835
variant,digital_2,E_adv,135,0.0002572985087255249,7.89234113389938e-06,4.2018422036132954e-07,1.892457732802246e-06,6.191726897488617e-05,0.0006497786651321196,1.874465303993823e-07,0.0159146507945377
variant,digital_2,relative_E_degradation,135,0.9979950487907103,0.9999579942580415,0.9962750931312715,0.9997002723785684,0.9999867314080032,0.9999965873483574,0.8767132299381359,0.9999981628399915
variant,digital_2,RRA_clean,135,0.5299340108229709,0.5852936285921087,0.11570211430200128,0.4265424535143359,0.688502405323069,0.774515464673709,0.0042646096406999,0.8257988784720817
variant,digital_2,RRA_adv,135,0.0004656250014572811,0.0,0.0,0.0,0.0,4.877188571476218e-05,0.0,0.0336218812500482
variant,digital_2,relative_RRA_degradation,135,0.9961690797547851,1.0,0.9999348418529467,1.0,1.0,1.0,0.7126925995578871,1.0
variant,digital_2,mu_clean,135,2.0906475274029335,1.7622963828593547,1.048924599451687,1.3310858011233464,2.3698901399445393,4.336146024760893,0.7100180788585975,6.91473922091989
variant,digital_2,mu_adv,135,0.0029163480306365003,8.005214117369181e-05,6.894829707243679e-06,2.2965665722412104e-05,0.0007233991118303,0.006649299077956179,3.475200922414936e-06,0.1841073259931286
variant,digital_2,RRA_lift_clean,135,6.145153486168906,6.317990179465668,1.2154847334201853,4.371576945319644,7.824735998561824,10.417186525670896,0.056905537454758,16.197823573418514
variant,digital_2,RRA_lift_adv,135,0.004919991817160709,0.0,0.0,0.0,0.0,0.00039753220607021,0.0,0.3248288254701612
variant,digital_2,physical_linf_recomputed,135,0.003841684822076901,0.0039215686274509,0.00362745098039209,0.0039215686274509,0.0039215686274509,0.0039215686274509,0.0009803921568627,0.0039215686274509
variant,digital_2,physical_l2_recomputed,135,8.555233009441576,9.12469646311709,5.38749095552713,6.890090232212506,9.845282201999694,10.892772565173892,2.62999602375504,11.172294670502415
variant,digital_2,physical_rms_recomputed,135,0.002333216877219982,0.0024538135685204,0.00187853100729259,0.0022334031064798,0.0025074205638337,0.00254790884458901,0.0009601546935215,0.0025664682389461
variant,digital_3,A_union,786,0.02865740927211707,0.027570201426025648,0.0213575959520151,0.02487019688940875,0.03156322562287943,0.03945922441720333,0.0173290574935198,0.051403088233243
variant,digital_3,E_clean,786,0.6420200334984264,0.6974616227339663,0.18063208591821522,0.4529818075846935,0.8591307524311509,0.9391215499206267,0.0425647092001123,0.9826544460751035
variant,digital_3,E_adv,786,0.0050033907531538075,2.2509202872265103e-05,2.686858777848801e-06,8.183492099791088e-06,0.0004515004274093,0.0300551891601172,4.223260047115109e-07,0.0592090416858994
variant,digital_3,relative_E_degradation,786,0.9912172107895351,0.999958225163802,0.9552989160014342,0.999132453176554,0.9999852857618652,0.9999955300356436,0.5651977821554864,0.9999994869206617
variant,digital_3,RRA_clean,786,0.48001206570065497,0.48159249043364727,0.37098493811153066,0.4302848786901035,0.531387984752768,0.6012333029396274,0.0646294526386485,0.7114762961377741
variant,digital_3,RRA_adv,786,0.012459036079963693,0.0,0.0,0.0,0.0,0.0898765439940564,0.0,0.2797128107755295
variant,digital_3,relative_RRA_degradation,786,0.9726606113426414,1.0,0.7955723249770796,1.0,1.0,1.0,0.3450453092918783,1.0
variant,digital_3,mu_clean,786,23.263390264573,23.689217823017522,6.072431444771933,15.289159704958942,30.559085457016998,39.42695625596623,1.5855142534239908,55.71877194485017
variant,digital_3,mu_adv,786,0.1643867510832363,0.00082321246358855,9.418328800484488e-05,0.000298222020480325,0.013317508655804024,0.9290417229835886,1.890597385296809e-05,1.384432179744958
variant,digital_3,RRA_lift_clean,786,17.370096113357903,17.06232800074146,10.650015637444541,14.464118826263798,20.209240436117202,24.848011214139145,2.122364580173345,41.05683741910549
variant,digital_3,RRA_lift_adv,786,0.4337463551794289,0.0,0.0,0.0,0.0,3.317632862845781,0.0,10.532109300815211
variant,digital_3,physical_linf_recomputed,786,0.003620964925410287,0.0039215686274509,0.0019607843137254,0.0039215686274509,0.0039215686274509,0.0039215686274509,0.0009803921568627,0.0039215686274509
variant,digital_3,physical_l2_recomputed,786,8.321742075075127,7.546149606131124,6.011066945270886,6.862274073471337,9.90335680876649,10.953057500187073,4.256877195810048,11.318679378951696
variant,digital_3,physical_rms_recomputed,786,0.002326369720597603,0.0025116393495303,0.0013849318179346751,0.002449249248160125,0.0025394480057927,0.00257013609328295,0.0009796878519774,0.0026121614516767
variant,facedancer,A_union,107,0.06896233199804146,0.0749750762874092,0.03200309161816,0.0685337996310873,0.08004498343585234,0.08690292491972959,0.0301785134696527,0.0937236531121098
variant,facedancer,E_clean,107,0.11194378876259875,0.1018343365086677,0.054526538542732546,0.08398840068730655,0.1241355757509915,0.21859563078588862,0.0353380735816476,0.2535366637793422
variant,facedancer,E_adv,107,2.0423779225663172e-05,1.754367404243819e-06,1.7259167219283477e-07,6.799334956694141e-07,6.869527106581871e-06,8.246486589547883e-05,4.9949550506242015e-08,0.0008959636183276
variant,facedancer,relative_E_degradation,107,0.9998510468393169,0.9999848145761138,0.9993195818926868,0.9999427309959936,0.9999938560986388,0.9999984345613314,0.995343396318896,0.999999219728894
variant,facedancer,RRA_clean,107,0.3870235422938021,0.3767937206109282,0.04398957166231763,0.22663612500998787,0.5621461775654151,0.7555869397614371,0.0,0.778671014166854
variant,facedancer,RRA_adv,107,1.4695772420551402e-05,0.0,0.0,0.0,0.0,0.0,0.0,0.001572447648999
variant,facedancer,relative_RRA_degradation,106,0.9999749274490357,1.0,1.0,1.0,1.0,1.0,0.9973423095977813,1.0
variant,facedancer,mu_clean,107,1.6998217124434698,1.4942962365323509,1.0219808019151841,1.2218269691510997,1.9745839159617655,3.289347937176113,0.7347790743675113,4.022696174760062
variant,facedancer,mu_adv,107,0.0002731172707244864,2.410220465451139e-05,2.916278963407151e-06,1.0769377875165166e-05,0.00010080536188015595,0.00106082873189508,1.5268199532421782e-06,0.0116991392709323
variant,facedancer,RRA_lift_clean,107,5.877978872295171,5.799460336424328,0.5493006796284724,3.353338899701571,8.231103891340375,11.804748578277124,0.0,13.677905060822368
variant,facedancer,RRA_lift_adv,107,0.0001918915955124112,0.0,0.0,0.0,0.0,0.0,0.0,0.020532400719828
variant,facedancer,physical_linf_recomputed,107,0.0038574308227963296,0.0039215686274509,0.0029411764705882,0.0039215686274509,0.0039215686274509,0.0039215686274509,0.0029411764705882,0.0039215686274509
variant,facedancer,physical_l2_recomputed,107,8.390196633548703,8.707155168835524,5.417390145456094,6.737276995938364,10.03852546560275,11.008762706791835,4.671772622750109,11.167993775397631
variant,facedancer,physical_rms_recomputed,107,0.0022881970621836593,0.0023230203196453,0.00174510603724215,0.00211372811215005,0.0024752476096290502,0.00254711246257084,0.0017090534752015,0.0026036223154069
variant,textdiffuserft_bfei,A_union,149,0.04160435303987458,0.0415750915750915,0.03589110582643368,0.0384709566723859,0.0441609260253528,0.0479014777104452,0.0330994743583372,0.0539797562832961
variant,textdiffuserft_bfei,E_clean,149,0.7031979312899175,0.7778054789245893,0.2571031205480071,0.5787384773622741,0.8601043202849297,0.941184994934875,0.1282936542209131,0.9725243255086776
variant,textdiffuserft_bfei,E_adv,149,0.005452733167288916,0.0001032507285792,3.846529212384024e-06,1.991180729969939e-05,0.0013720996859695,0.03503322848410854,2.191208488175462e-06,0.0385673212408148
variant,textdiffuserft_bfei,relative_E_degradation,149,0.991642765340595,0.999833099273114,0.9537939279779099,0.9977923172102549,0.999965369441539,0.9999931932864112,0.8137447311023465,0.9999965121455958
variant,textdiffuserft_bfei,RRA_clean,149,0.5046485965294242,0.499745213656548,0.43954278850058626,0.471547733966981,0.5315279191470549,0.5939413257183738,0.3893961439245373,0.6571243588384021
variant,textdiffuserft_bfei,RRA_adv,149,0.011372887319686104,0.0,0.0,0.0,0.0,0.08279668655523567,0.0,0.1697467198403379
variant,textdiffuserft_bfei,relative_RRA_degradation,149,0.9766069101974005,1.0,0.8255463541177621,1.0,1.0,1.0,0.6121739274090962,1.0
variant,textdiffuserft_bfei,mu_clean,149,17.130181709992463,18.7658482281736,6.024419827670268,14.393914432790522,21.03748441974012,24.790068658306026,3.077629771354657,27.89827346452622
variant,textdiffuserft_bfei,mu_adv,149,0.1324979946223851,0.0025342998899851,0.0001062626850356,0.0005126642671477,0.030344552065259,0.8600846630893482,4.992272828170692e-05,0.985538128227368
variant,textdiffuserft_bfei,RRA_lift_clean,149,12.245838646196333,12.31504592222603,9.509476578286527,11.269298055171795,13.211345577428478,14.600554129736427,8.372405046053949,17.882854894115674
variant,textdiffuserft_bfei,RRA_lift_adv,149,0.27620768584196304,0.0,0.0,0.0,0.0,1.8718459038797337,0.0,3.9352891471946743
variant,textdiffuserft_bfei,physical_linf_recomputed,149,0.00369785498091846,0.0039215686274509,0.0019607843137254,0.0039215686274509,0.0039215686274509,0.0039215686274509,0.0019607843137254,0.0039215686274509
variant,textdiffuserft_bfei,physical_l2_recomputed,149,8.575872739011642,9.451647930212676,6.160129416711548,6.879775158271794,9.729044703463122,11.092165063285236,5.2826923737691285,11.28375137012062
variant,textdiffuserft_bfei,physical_rms_recomputed,149,0.002374249469562624,0.0025019907650297,0.0013893739498194398,0.0024779396515544,0.0025322723778686,0.00256635964729512,0.0013831218014014,0.0025808047047629
hardware_source,huawei,A_union,450,0.05610850713880182,0.03490784245868795,0.02411167034861588,0.028613137101490677,0.07082257926769248,0.1512780080336915,0.0192495893727261,0.3060802101923458
hardware_source,huawei,E_clean,450,0.5774427738140907,0.6686443492633739,0.08329478902930013,0.29780972568519615,0.8508608152142596,0.9424335294714474,0.0353380735816476,0.9751388546046922
hardware_source,huawei,E_adv,450,0.008437260023339839,5.574074292007821e-05,9.606255886961031e-07,9.282011853332003e-06,0.021813573594883798,0.034238455543952384,4.9949550506242015e-08,0.0477771743776594
hardware_source,huawei,relative_E_degradation,450,0.9847420207190117,0.999871568085255,0.9448203329028613,0.9737335182992972,0.9999785246777051,0.9999959467638295,0.5651977821554864,0.9999994161862148
hardware_source,huawei,RRA_clean,450,0.5026708031375684,0.4792335223759941,0.3133263695776475,0.42261354275758933,0.5583893771408581,0.7902040494532707,0.0646294526386485,0.9202167670522864
hardware_source,huawei,RRA_adv,450,0.02162101170322061,0.0,0.0,0.0,0.01633756245569145,0.12635472184846291,0.0,0.2797128107755295
hardware_source,huawei,relative_RRA_degradation,450,0.952104830348315,1.0,0.7143222337186115,0.9646638913541249,1.0,1.0,0.3450453092918783,1.0
hardware_source,huawei,mu_clean,450,16.77316526326329,18.82395572654066,1.20364153928929,2.8005564404794367,26.878509478327146,35.15089065778211,1.0197708249614086,45.028051669956106
hardware_source,huawei,mu_adv,450,0.26033125115822636,0.00104024047753445,1.6438245607041457e-05,0.000222805368954575,0.7785850314296492,0.9530783558741845,1.5268199532421782e-06,1.2601329549164344
hardware_source,huawei,RRA_lift_clean,450,12.170894476678841,13.03903011917038,3.6226737293593745,7.678516700322751,15.799432194166599,19.923518929962867,0.986164640564819,28.38009989415329
hardware_source,huawei,RRA_lift_adv,450,0.7132926500120271,0.0,0.0,0.0,0.4798648327704687,3.9729033918125682,0.0,10.532109300815211
hardware_source,huawei,physical_linf_recomputed,450,0.00337908496732018,0.0039215686274509,0.0019607843137254,0.0029411764705882,0.0039215686274509,0.0039215686274509,0.0009803921568627,0.0039215686274509
hardware_source,huawei,physical_l2_recomputed,450,9.23934283155119,10.419569737597836,5.99714623244963,7.0859931501458195,10.880999979397817,11.095992983752383,4.256877195810048,11.318679378951696
hardware_source,huawei,physical_rms_recomputed,450,0.002128695579464345,0.0024505139952124503,0.001382169249516085,0.0016996104693863,0.0024994849583137003,0.00253715884036042,0.0009796878519774,0.0025684131426533
hardware_source,iphone15,A_union,81,0.05161132931131389,0.0425679789378419,0.0358024877144228,0.039032691372675,0.0717161679655953,0.0816096579476861,0.0338132987189591,0.0937236531121098
hardware_source,iphone15,E_clean,81,0.5900355729545043,0.7363712428986423,0.1089227523787745,0.2180043339157296,0.8598931752096122,0.9335461179861226,0.0826512506964284,0.9713722955720444
hardware_source,iphone15,E_adv,81,0.0033636812175886887,2.801838442019e-05,8.346818183338179e-07,5.9765572100833015e-06,0.0002359367520524,0.0232862007116436,1.6264291584772618e-07,0.0325631868202107
hardware_source,iphone15,relative_E_degradation,81,0.9960994871161845,0.9999569397320608,0.9752411326169276,0.9993506977529756,0.9999843798064144,0.9999965121455958,0.9591970616332812,0.999998702831284
hardware_source,iphone15,RRA_clean,81,0.5627443528483761,0.5313819307627358,0.4662400077574347,0.489985429146333,0.5958986110461582,0.7627260439638615,0.4164422388315631,0.778671014166854
hardware_source,iphone15,RRA_adv,81,0.006036246176433505,0.0,0.0,0.0,0.0,0.032206155454988,0.0,0.1382962725322318
hardware_source,iphone15,relative_RRA_degradation,81,0.9884214668541589,1.0,0.9459379705363832,1.0,1.0,1.0,0.7461516520522988,1.0
hardware_source,iphone15,mu_clean,81,14.036016371433261,18.200075713829143,1.6911382930306902,2.7609607316228706,20.74278597175837,25.317648877912585,1.334395340420527,26.43473731606213
hardware_source,iphone15,mu_adv,81,0.08410058880224758,0.0006598140251055,1.18660874250421e-05,9.54929013016119e-05,0.0055425875961125,0.4999734148232788,2.385822055841343e-06,0.9095230219740524
hardware_source,iphone15,RRA_lift_clean,81,11.555903997633546,12.043171446999832,7.7256555927984385,10.137836241275783,13.016543485484505,14.407489225633215,5.964325040112501,17.882854894115674
hardware_source,iphone15,RRA_lift_adv,81,0.15253402158016666,0.0,0.0,0.0,0.0,0.7001354742211395,0.0,3.3326287636315177
hardware_source,iphone15,physical_linf_recomputed,81,0.0038247397724521107,0.0039215686274509,0.0029411764705882,0.0039215686274509,0.0039215686274509,0.0039215686274509,0.0019607843137254,0.0039215686274509
hardware_source,iphone15,physical_l2_recomputed,81,9.095016705827781,9.51821636202606,6.629241622002565,8.91041621411729,9.619820715373269,9.765730171098424,5.2826923737691285,9.874400248967865
hardware_source,iphone15,physical_rms_recomputed,81,0.0023917706578526396,0.0025019907650297,0.0017401101987045,0.0023531818492946,0.0025308957238584,0.002568697265141,0.0013912197120536,0.0026036223154069
hardware_source,iphone15pro,A_union,358,0.053342371046178595,0.0282448595979429,0.021256080102151045,0.02439140472684135,0.06386631762490817,0.18116004849021347,0.0173290574935198,0.2993500322770688
hardware_source,iphone15pro,E_clean,358,0.6947975789342619,0.7830501604372292,0.1585304403208494,0.5710051665947261,0.8777953593378905,0.9415561729219001,0.0699334302347457,0.9826544460751035
hardware_source,iphone15pro,E_adv,358,0.0019649308732180575,3.5730090501644656e-05,1.702411878074076e-06,8.909811378731144e-06,0.000363732033812275,0.013490790550786379,3.3755309025219537e-07,0.0592090416858994
hardware_source,iphone15pro,relative_E_degradation,358,0.9970918469914791,0.9999464824136446,0.9805783609559686,0.9994634198538572,0.9999860830528654,0.9999965744949025,0.9109918937533644,0.9999994869206617
hardware_source,iphone15pro,RRA_clean,358,0.5745527699744903,0.5465371796426453,0.4160144652167535,0.49145685577768083,0.6215000022301855,0.8258241443636897,0.2463910111040166,0.940429635612042
hardware_source,iphone15pro,RRA_adv,358,0.003542796676708443,0.0,0.0,0.0,0.0,0.02097582086587782,0.0,0.14446700424831
hardware_source,iphone15pro,relative_RRA_degradation,358,0.9930832080130951,1.0,0.9644667033098976,1.0,1.0,1.0,0.7167410107599085,1.0
hardware_source,iphone15pro,mu_clean,358,22.70941392074271,26.047785383948316,1.970230682512678,6.704857924708865,32.953176101032085,41.622012119324054,1.0592651444188816,55.71877194485017
hardware_source,iphone15pro,mu_adv,358,0.06876864200202515,0.0009086965865170501,3.0535290625434646e-05,0.00029891239776374997,0.006763578090615525,0.5458589014066617,4.779681153283722e-06,1.384432179744958
hardware_source,iphone15pro,RRA_lift_clean,358,16.370789348570714,18.120752099325586,4.466430864555433,10.364941370947019,21.307754158044453,26.082908504576775,1.824860737494314,41.05683741910549
hardware_source,iphone15pro,RRA_lift_adv,358,0.13575766386439486,0.0,0.0,0.0,0.0,0.6850956451942368,0.0,5.8861106956826506
hardware_source,iphone15pro,physical_linf_recomputed,358,0.0038531054880051787,0.0039215686274509,0.0037745098039214963,0.0039215686274509,0.0039215686274509,0.0039215686274509,0.0019607843137254,0.0039215686274509
hardware_source,iphone15pro,physical_l2_recomputed,358,9.34086182426317,9.706388056810905,7.118413314975936,9.10871853458057,9.865127885449901,10.006621934876982,4.954127712501202,10.147628997905048
hardware_source,iphone15pro,physical_rms_recomputed,358,0.0024405767862805475,0.0025174782373017,0.0019626796603357203,0.00248231960367605,0.002540849610035525,0.00256923399925779,0.0013825465641131,0.0026058240726788
hardware_source,scan,A_union,441,0.05462837771324239,0.0333729907097059,0.0227258508508508,0.0265275827482447,0.067685875608117,0.1552118659409358,0.0174682730923694,0.3081663931217159
hardware_source,scan,E_clean,441,0.3989095142868321,0.3794225953734036,0.0904505066054789,0.2049479960287492,0.5744940369503366,0.7930875683300811,0.0518007806424746,0.9262523822398951
hardware_source,scan,E_adv,441,0.00026324908061087113,1.436201492856958e-05,1.0402334353831118e-06,5.582990757093107e-06,7.750250369347863e-05,0.0010832036828937,8.70902038524142e-08,0.0159146507945377
hardware_source,scan,relative_E_degradation,441,0.999035516879782,0.9999572368281904,0.9971177603258748,0.9998157800414414,0.9999851117924128,0.9999951147805064,0.8767132299381359,0.999999219728894
hardware_source,scan,RRA_clean,441,0.424233916343605,0.4546097062980996,0.116223433176661,0.3874535118043154,0.5076189432142074,0.5980941704035875,0.0,0.838441998749539
hardware_source,scan,RRA_adv,441,0.00018891333147959358,0.0,0.0,0.0,0.0,0.0,0.0,0.0336218812500482
hardware_source,scan,relative_RRA_degradation,440,0.9986827873903256,1.0,1.0,1.0,1.0,1.0,0.7126925995578871,1.0
hardware_source,scan,mu_clean,441,11.528754036858263,10.523585364231527,1.2882674244853314,3.5328601510410884,17.432839031172232,27.5331373441604,0.7100180788585975,46.37642017403469
hardware_source,scan,mu_adv,441,0.003321219783423721,0.0004672446385467,1.415984409429412e-05,0.000166452975309,0.0016595482166244,0.0125649235716662,2.7749386478575218e-06,0.1841073259931286
hardware_source,scan,RRA_lift_clean,441,12.157536253294037,13.228471453028453,1.159864086573894,5.58419355124115,17.104094975477242,22.54130457701619,0.0,34.42484835324595
hardware_source,scan,RRA_lift_adv,441,0.002066130204209046,0.0,0.0,0.0,0.0,0.0,0.0,0.3248288254701612
hardware_source,scan,physical_linf_recomputed,441,0.0038904450669155744,0.0039215686274509,0.0039215686274509,0.0039215686274509,0.0039215686274509,0.0039215686274509,0.0009803921568627,0.0039215686274509
hardware_source,scan,physical_l2_recomputed,441,6.69810904967322,6.879250110572658,5.6754549702706125,6.733387505920236,6.954921930683281,7.035100523053901,2.62999602375504,7.1343834452184005
hardware_source,scan,physical_rms_recomputed,441,0.0024504843636055855,0.0025159798015139,0.0020768383823458,0.0024625023653598,0.0025439567619486,0.0025731798884614,0.0009601546935215,0.0026121614516767
eval_split,dev_val,A_union,288,0.1267857204101851,0.1143337639606119,0.06337144075755355,0.08406321111738202,0.1508387037695252,0.22309363812069427,0.0470111028581901,0.3081663931217159
eval_split,dev_val,E_clean,288,0.3851268583161649,0.34555104654225555,0.08711040054224038,0.16620164340385107,0.5775759152718893,0.7949309275936094,0.0518007806424746,0.9319983115479964
eval_split,dev_val,E_adv,288,0.0004911651666909158,7.125673156311714e-05,7.010633809370184e-07,7.052102419556185e-06,0.00030933075009205,0.0017140395787650846,1.874465303993823e-07,0.0159146507945377
eval_split,dev_val,relative_E_degradation,288,0.9983192715929492,0.9998159189562623,0.9957322905965738,0.9992804874320724,0.9999649972389729,0.9999951732459207,0.8767132299381359,0.9999981628399915
eval_split,dev_val,RRA_clean,288,0.5925956916735616,0.6580787798407189,0.16771040299153886,0.4390652993376778,0.7583778907816787,0.8692017121369107,0.0042646096406999,0.940429635612042
eval_split,dev_val,RRA_adv,288,0.0002815561772597935,0.0,0.0,0.0,0.0,0.00022510726357053443,0.0,0.0336218812500482
eval_split,dev_val,relative_RRA_degradation,288,0.9980226213473377,1.0,0.9994867731864634,1.0,1.0,1.0,0.7126925995578871,1.0
eval_split,dev_val,mu_clean,288,3.0544779946536504,2.568836155968365,1.1624053271381434,1.7276356662073633,3.8733101322320103,6.428563605561332,0.7100180788585975,11.98697425212452
eval_split,dev_val,mu_adv,288,0.003700108948861719,0.00054110836195035,8.18575576820716e-06,7.217204636061259e-05,0.0022230020213246,0.014539183307653877,3.475200922414936e-06,0.1841073259931286
eval_split,dev_val,RRA_lift_clean,288,5.307908229467485,5.293475245152858,1.297748135818981,3.4147912749798133,7.014036377406499,9.601782756524555,0.056905537454758,16.197823573418514
eval_split,dev_val,RRA_lift_adv,288,0.0026015367177491967,0.0,0.0,0.0,0.0,0.0011079069881736144,0.0,0.3248288254701612
eval_split,dev_val,physical_linf_recomputed,288,0.0038739106753811836,0.0039215686274509,0.0039215686274509,0.0039215686274509,0.0039215686274509,0.0039215686274509,0.0009803921568627,0.0039215686274509
eval_split,dev_val,physical_l2_recomputed,288,8.596701050176016,9.14087104421172,5.691257312508777,6.846740648076889,9.89060808151837,10.950098329575255,2.62999602375504,11.172294670502415
eval_split,dev_val,physical_rms_recomputed,288,0.002357325246094861,0.0024580092564759,0.00196972808237109,0.0022639519912777,0.0025124000851145254,0.00255316551567061,0.0009601546935215,0.0025824551527754
eval_split,official_test,A_union,1042,0.03464754492765428,0.029818045082360897,0.02218516071571102,0.0256649268695171,0.0377254364497807,0.07522991730484184,0.0173290574935198,0.0937236531121098
eval_split,official_test,E_clean,1042,0.5963361069957379,0.6720256999050687,0.09790960332383226,0.35483276353007076,0.8490926445489333,0.9383072859486136,0.0353380735816476,0.9826544460751035
eval_split,official_test,E_adv,1042,0.004555957503149795,2.1555650032039086e-05,1.2753875420657878e-06,7.1012215084781784e-06,0.000328076794415775,0.03054950788077255,4.9949550506242015e-08,0.0592090416858994
eval_split,official_test,relative_E_degradation,1042,0.9921646465721019,0.9999566938736396,0.9561057356201373,0.9993044172476129,0.999985875669037,0.9999962287432882,0.5651977821554864,0.9999994869206617
eval_split,official_test,RRA_clean,1042,0.4739862222159653,0.48222571048324026,0.29510868273379287,0.4288488008315885,0.5320224156727026,0.6127895267891093,0.0,0.778671014166854
eval_split,official_test,RRA_adv,1042,0.011025849344658053,0.0,0.0,0.0,0.0,0.08435550006602903,0.0,0.2797128107755295
eval_split,official_test,relative_RRA_degradation,1041,0.9760067362577586,1.0,0.8112343118088615,1.0,1.0,1.0,0.3450453092918783,1.0
eval_split,official_test,mu_clean,1042,20.172075571952696,20.35280674338535,1.4767833330011366,12.062481877591736,28.699321777933413,38.37373278337957,0.7347790743675113,55.71877194485017
eval_split,official_test,mu_adv,1042,0.14297448281969924,0.00075132586406555,2.1376627195025577e-05,0.00023093670119445,0.010378848838357725,0.9181443945222603,1.5268199532421782e-06,1.384432179744958
eval_split,official_test,RRA_lift_clean,1042,15.457264148481906,15.393708627240263,5.397694135709364,12.371300325073973,18.979474352372854,23.975949052733917,0.0,41.05683741910549
eval_split,official_test,RRA_lift_adv,1042,0.3666987646470283,0.0,0.0,0.0,0.0,2.7996001935539296,0.0,10.532109300815211
eval_split,official_test,physical_linf_recomputed,1042,0.0036562417673402527,0.0039215686274509,0.0019607843137254,0.0039215686274509,0.0039215686274509,0.0039215686274509,0.0009803921568627,0.0039215686274509
eval_split,official_test,physical_l2_recomputed,1042,8.365110699531186,8.347647024099107,6.000636298829987,6.8636166459314225,9.902017422617497,10.976383735775245,4.256877195810048,11.318679378951696
eval_split,official_test,physical_rms_recomputed,1042,0.0023292964078773497,0.0025047009494173498,0.00138666759693927,0.002424355298390475,0.002537006501676575,0.0025689430198103202,0.0009796878519774,0.0026121614516767
