population,threshold,n,E_n,E_rate,RRA_n,RRA_rate,both_n,both_rate
all_1330,0.5,1330,1330,1.0,1327,0.9977443609022556,1327,0.9977443609022556
all_1330,0.75,1330,1329,0.9992481203007518,1294,0.9729323308270676,1294,0.9729323308270676
all_1330,0.9,1330,1317,0.9902255639097745,1235,0.9285714285714286,1232,0.9263157894736842
all_1330,0.95,1330,1295,0.9736842105263158,1202,0.9037593984962407,1192,0.8962406015037594
all_1330,0.99,1330,1138,0.8556390977443609,1154,0.8676691729323308,1132,0.8511278195488722
clean_DCEC,0.5,436,436,1.0,436,1.0,436,1.0
clean_DCEC,0.75,436,436,1.0,428,0.981651376146789,428,0.981651376146789
clean_DCEC,0.9,436,436,1.0,413,0.9472477064220184,413,0.9472477064220184
clean_DCEC,0.95,436,434,0.9954128440366973,402,0.9220183486238532,400,0.9174311926605505
clean_DCEC,0.99,436,370,0.8486238532110092,374,0.8577981651376146,368,0.8440366972477065
