group,value,n,total_active_hours,mean_minutes_per_image,median_minutes_per_image,q05_minutes,q25_minutes,q75_minutes,q95_minutes,max_minutes,images_per_active_hour,mean_megapixels
overall,all,1330,159.09368778686834,7.177158847527895,2.5906960126333614,0.5575004425958529,0.7152382721750068,12.418378063183335,25.45584594190915,58.7252955179,8.359853986047199,4.559909619548872
variant,digital_1,153,14.461912478890264,5.671338227015791,2.5390200529166274,0.5363640437899843,0.559637840300032,10.076769595866669,16.671098597113385,52.50599551756668,10.57951361711881,4.535206535947712
variant,digital_2,135,12.93311689889139,5.748051955062839,2.53234231723333,0.5381715948816873,0.5696064451166725,11.65874442877501,16.698879677351744,22.777963526833325,10.438319011217786,4.608484318518519
variant,digital_3,786,95.8315848105189,7.315388153474725,2.9896691427999635,0.6948004894958406,0.7184808880208361,11.827672097583234,28.042182986045827,58.7252955179,8.20188877763112,4.538239992366412
variant,facedancer,107,16.4340220473075,9.215339465779907,2.124357200050023,0.6913098532732527,0.7135072941916708,18.771420322941626,26.080435465769998,45.62472751553335,6.51088331827634,4.64425868224299
variant,textdiffuserft_bfei,149,19.433051551260277,7.825389886413535,2.2955391145666604,0.6948507661533344,0.7172261363833362,14.51795094771672,26.416603915266627,41.92589625164995,7.667349598027337,4.595003342281879
hardware_source,huawei,450,131.8635074216378,17.581800989551706,14.906259628933245,7.929665812226722,12.254093191479175,21.61111366017085,34.87066179152248,58.7252955179,3.4126196762013206,6.281182131111111
hardware_source,iphone15,81,3.2323699191266666,2.3943480882419754,2.21775767483335,1.6723497507333378,1.8960229101166381,2.899657494066681,3.4981091486833367,4.597916024799997,25.059013054386075,4.820679395061728
hardware_source,iphone15pro,358,19.027226932104725,3.188920714877887,2.6827628720583863,1.2215796886808765,2.060712700458309,4.625859097541661,5.746510738114199,7.0686391700333235,18.8151432301438,4.886535541899441
hardware_source,scan,441,4.970583513999162,0.6762698658502262,0.7012015265999556,0.5387491625166149,0.6885414823333121,0.7149159375333208,0.7285246283499873,0.8090714953832503,88.72197776336856,2.490460498866213
eval_split,dev_val,288,27.39502937778165,5.707297787037844,2.5356811850749787,0.536625615234165,0.5620379283750329,10.724869880058304,16.709894471121693,52.50599551756668,10.512856037802912,4.569555496527777
eval_split,official_test,1042,131.69865840908668,7.583416031233398,2.6430776969833234,0.6944886853424275,0.7178382473333575,12.960792197720844,27.74908290975913,58.7252955179,7.912001629988557,4.557243580614204
