group,value,metric,estimate,ci95_low,ci95_high,bootstrap_sd,n_rows,n_clusters,bootstrap_valid,bootstrap_replicates,bootstrap_seed,method
overall,all,classification_preservation_rate,1.0,1.0,1.0,0.0,1330,362,10000,10000,20260926,document-stem cluster percentile bootstrap
overall,all,DCEC_rate,0.32781954887218046,0.30318329909729747,0.353603817696023,0.012883901177811994,1330,362,10000,10000,20260926,document-stem cluster percentile bootstrap
overall,all,DCEW_rate_given_DCEC,1.0,1.0,1.0,0.0,1330,362,10000,10000,20260926,document-stem cluster percentile bootstrap
overall,all,E_clean_mean,0.5506005704395597,0.5346929835077523,0.5673349433069315,0.00833395218953701,1330,362,10000,10000,20260926,document-stem cluster percentile bootstrap
overall,all,E_clean_median,0.6005999108830148,0.5610853794702156,0.6284818442222759,0.016195756800519743,1330,362,10000,10000,20260926,document-stem cluster percentile bootstrap
overall,all,E_adv_mean,0.003675761869390278,0.0032215772609922137,0.004154353249458136,0.00023851115966578825,1330,362,10000,10000,20260926,document-stem cluster percentile bootstrap
overall,all,E_adv_median,2.6966724287724556e-05,2.200277504236972e-05,3.2701350561252435e-05,2.5811145192146555e-06,1330,362,10000,10000,20260926,document-stem cluster percentile bootstrap
overall,all,relative_E_degradation_mean,0.9934973774036839,0.9922408696097473,0.9945611178164394,0.0005932796138794855,1330,362,10000,10000,20260926,document-stem cluster percentile bootstrap
overall,all,relative_E_degradation_median,0.9999448170327276,0.9999292999176038,0.9999527891227906,5.362068971495368e-06,1330,362,10000,10000,20260926,document-stem cluster percentile bootstrap
overall,all,RRA_clean_mean,0.4996700772564073,0.49061574584984446,0.5083649684577983,0.004556354058947711,1330,362,10000,10000,20260926,document-stem cluster percentile bootstrap
overall,all,RRA_clean_median,0.49270403612469504,0.4871293988587265,0.498548445121186,0.0028514916830568744,1330,362,10000,10000,20260926,document-stem cluster percentile bootstrap
overall,all,RRA_adv_mean,0.008699265561040986,0.007296231387307887,0.010230818505229259,0.0007375030496199263,1330,362,10000,10000,20260926,document-stem cluster percentile bootstrap
overall,all,RRA_adv_median,0.0,0.0,0.0,0.0,1330,362,10000,10000,20260926,document-stem cluster percentile bootstrap
overall,all,relative_RRA_degradation_mean,0.9807776729814596,0.9773431902534875,0.9839103277892842,0.001657592915075012,1330,362,10000,10000,20260926,document-stem cluster percentile bootstrap
overall,all,relative_RRA_degradation_median,1.0,1.0,1.0,0.0,1330,362,10000,10000,20260926,document-stem cluster percentile bootstrap
overall,all,A_union_mean,0.05459927014492411,0.04980976322792601,0.059225783436833754,0.002382161961811343,1330,362,10000,10000,20260926,document-stem cluster percentile bootstrap
overall,all,A_union_median,0.0336627355596407,0.0319084685569284,0.0358762436485048,0.0009350247885712408,1330,362,10000,10000,20260926,document-stem cluster percentile bootstrap
overall,all,mu_clean_mean,16.46540782589095,15.575767193000777,17.416177642447334,0.46813232068056543,1330,362,10000,10000,20260926,document-stem cluster percentile bootstrap
overall,all,mu_clean_median,16.37125528369259,14.6933828346492,17.76730876040566,0.7552740112527039,1330,362,10000,10000,20260926,document-stem cluster percentile bootstrap
overall,all,mu_adv_mean,0.1128158214100743,0.09895801327860128,0.1279271694645034,0.0073770286837197595,1330,362,10000,10000,20260926,document-stem cluster percentile bootstrap
overall,all,mu_adv_median,0.00069311697952235,0.00061194695787485,0.0008088457350911,5.151682524550909e-05,1330,362,10000,10000,20260926,document-stem cluster percentile bootstrap
overall,all,RRA_lift_clean_mean,13.25950888180811,12.737456820541544,13.826298616851656,0.27817017387989246,1330,362,10000,10000,20260926,document-stem cluster percentile bootstrap
overall,all,RRA_lift_clean_median,13.768054825887345,13.114559418287833,14.372684872774546,0.322897600472486,1330,362,10000,10000,20260926,document-stem cluster percentile bootstrap
overall,all,RRA_lift_adv_mean,0.28785665814805655,0.23971494550808806,0.34098453890378067,0.025567403032985006,1330,362,10000,10000,20260926,document-stem cluster percentile bootstrap
overall,all,RRA_lift_adv_median,0.0,0.0,0.0,0.0,1330,362,10000,10000,20260926,document-stem cluster percentile bootstrap
overall,all,physical_linf_recomputed_mean,0.003703376087276936,0.0036735695880915666,0.0037322423999804006,1.5104296390865206e-05,1330,362,10000,10000,20260926,document-stem cluster percentile bootstrap
overall,all,physical_linf_recomputed_median,0.0039215686274509,0.0039215686274509,0.0039215686274509,0.0,1330,362,10000,10000,20260926,document-stem cluster percentile bootstrap
overall,all,physical_l2_recomputed_mean,8.415259587490368,8.337288318758183,8.490589951863631,0.03899737807633298,1330,362,10000,10000,20260926,document-stem cluster percentile bootstrap
overall,all,physical_l2_recomputed_median,8.942091836498516,8.567965380263916,9.065711560894936,0.1219400704550906,1330,362,10000,10000,20260926,document-stem cluster percentile bootstrap
variant,digital_1,classification_preservation_rate,1.0,1.0,1.0,0.0,153,51,10000,10000,20260926,document-stem cluster percentile bootstrap
variant,digital_1,DCEC_rate,0.5294117647058824,0.45751633986928103,0.6013071895424836,0.035166570350539654,153,51,10000,10000,20260926,document-stem cluster percentile bootstrap
variant,digital_1,DCEW_rate_given_DCEC,1.0,1.0,1.0,0.0,153,51,10000,10000,20260926,document-stem cluster percentile bootstrap
variant,digital_1,E_clean_mean,0.5552213295191112,0.5325572540234196,0.5780550001343112,0.011538798603783764,153,51,10000,10000,20260926,document-stem cluster percentile bootstrap
variant,digital_1,E_clean_median,0.5502558218368603,0.517526980896363,0.5961719564972467,0.02069156854068514,153,51,10000,10000,20260926,document-stem cluster percentile bootstrap
variant,digital_1,E_adv_mean,0.0006975181001897902,0.00045543211282878714,0.001001222114134684,0.00014098461276440644,153,51,10000,10000,20260926,document-stem cluster percentile bootstrap
variant,digital_1,E_adv_median,0.0001957071580279,0.0001467099207602,0.0002498899678817,2.871751943091129e-05,153,51,10000,10000,20260926,document-stem cluster percentile bootstrap
variant,digital_1,relative_E_degradation_mean,0.9986053505361008,0.9979476745956942,0.999114100747961,0.00030317219732167613,153,51,10000,10000,20260926,document-stem cluster percentile bootstrap
variant,digital_1,relative_E_degradation_median,0.9996525793689331,0.9995217589611792,0.9997423289417648,4.589068608928043e-05,153,51,10000,10000,20260926,document-stem cluster percentile bootstrap
variant,digital_1,RRA_clean_mean,0.6478854100711416,0.6242127040450103,0.671838156727536,0.012192074293063546,153,51,10000,10000,20260926,document-stem cluster percentile bootstrap
variant,digital_1,RRA_clean_median,0.716475449372945,0.6870761850752887,0.7538388755635665,0.021410213391390154,153,51,10000,10000,20260926,document-stem cluster percentile bootstrap
variant,digital_1,RRA_adv_mean,0.00011914250885024565,3.306422595821794e-05,0.0002533514257354218,5.8481004298099926e-05,153,51,10000,10000,20260926,document-stem cluster percentile bootstrap
variant,digital_1,RRA_adv_median,0.0,0.0,0.0,0.0,153,51,10000,10000,20260926,document-stem cluster percentile bootstrap
variant,digital_1,relative_RRA_degradation_mean,0.9996580992231193,0.9991644500623531,0.9999405185964418,0.0002224549276238281,153,51,10000,10000,20260926,document-stem cluster percentile bootstrap
variant,digital_1,relative_RRA_degradation_median,1.0,1.0,1.0,0.0,153,51,10000,10000,20260926,document-stem cluster percentile bootstrap
variant,digital_1,A_union_mean,0.1569432155166164,0.14279051916379357,0.17150901513410483,0.007330189022750214,153,51,10000,10000,20260926,document-stem cluster percentile bootstrap
variant,digital_1,A_union_median,0.141950561069922,0.1281237861347471,0.1581057708928694,0.008247150055361991,153,51,10000,10000,20260926,document-stem cluster percentile bootstrap
variant,digital_1,mu_clean_mean,3.9049166422278123,3.5629008711438175,4.267712108883317,0.17855451186188148,153,51,10000,10000,20260926,document-stem cluster percentile bootstrap
variant,digital_1,mu_clean_median,3.5293080407917783,3.121115189951369,3.862445805340765,0.16865413708761434,153,51,10000,10000,20260926,document-stem cluster percentile bootstrap
variant,digital_1,mu_adv_mean,0.004391662700236913,0.0029662088720448457,0.006075585019356945,0.0007998232316167445,153,51,10000,10000,20260926,document-stem cluster percentile bootstrap
variant,digital_1,mu_adv_median,0.0012750168653605,0.0009497204061112,0.0017813495596399,0.0002448343476753857,153,51,10000,10000,20260926,document-stem cluster percentile bootstrap
variant,digital_1,RRA_lift_clean_mean,4.569162414730938,4.162975751307513,5.001752521821202,0.2129640312727548,153,51,10000,10000,20260926,document-stem cluster percentile bootstrap
variant,digital_1,RRA_lift_clean_median,4.396325648041196,3.7796524145160086,5.093632464397322,0.32301609008173265,153,51,10000,10000,20260926,document-stem cluster percentile bootstrap
variant,digital_1,RRA_lift_adv_mean,0.0005558410417978626,0.00016172158482612734,0.001164856066639508,0.0002641457258768665,153,51,10000,10000,20260926,document-stem cluster percentile bootstrap
variant,digital_1,RRA_lift_adv_median,0.0,0.0,0.0,0.0,153,51,10000,10000,20260926,document-stem cluster percentile bootstrap
variant,digital_1,physical_linf_recomputed_mean,0.00390234525182614,0.003876714084326462,0.0039215686274509,1.0645237739253943e-05,153,51,10000,10000,20260926,document-stem cluster percentile bootstrap
variant,digital_1,physical_linf_recomputed_median,0.0039215686274509,0.0039215686274509,0.0039215686274509,0.0,153,51,10000,10000,20260926,document-stem cluster percentile bootstrap
variant,digital_1,physical_l2_recomputed_mean,8.633290497882875,8.506640500280067,8.755599870759832,0.06323088590121582,153,51,10000,10000,20260926,document-stem cluster percentile bootstrap
variant,digital_1,physical_l2_recomputed_median,9.1545066142027,9.004465443538303,9.639355036166275,0.16568506663053648,153,51,10000,10000,20260926,document-stem cluster percentile bootstrap
variant,digital_2,classification_preservation_rate,1.0,1.0,1.0,0.0,135,51,10000,10000,20260926,document-stem cluster percentile bootstrap
variant,digital_2,DCEC_rate,0.022222222222222223,0.0,0.050359712230215826,0.012349605474292027,135,51,10000,10000,20260926,document-stem cluster percentile bootstrap
variant,digital_2,DCEW_rate_given_DCEC,1.0,1.0,1.0,0.0,135,51,9527,10000,20260926,document-stem cluster percentile bootstrap
variant,digital_2,E_clean_mean,0.19235312428615897,0.1709928033550542,0.2152299284575738,0.01146545255280083,135,51,10000,10000,20260926,document-stem cluster percentile bootstrap
variant,digital_2,E_clean_median,0.1570236285735209,0.13490682004297874,0.1908761561633532,0.012868845446539639,135,51,10000,10000,20260926,document-stem cluster percentile bootstrap
variant,digital_2,E_adv_mean,0.0002572985087255249,7.814450692191016e-05,0.0005374730275023776,0.00012171145089536663,135,51,10000,10000,20260926,document-stem cluster percentile bootstrap
variant,digital_2,E_adv_median,7.89234113389938e-06,4.842083375250516e-06,1.248781208048172e-05,2.302512730532063e-06,135,51,10000,10000,20260926,document-stem cluster percentile bootstrap
variant,digital_2,relative_E_degradation_mean,0.9979950487907103,0.9956954473611535,0.9995339251154008,0.001009571387850264,135,51,10000,10000,20260926,document-stem cluster percentile bootstrap
variant,digital_2,relative_E_degradation_median,0.9999579942580415,0.9999275668313068,0.999971662747426,1.1336245546399458e-05,135,51,10000,10000,20260926,document-stem cluster percentile bootstrap
variant,digital_2,RRA_clean_mean,0.5299340108229709,0.4985097255975753,0.5609936275966024,0.015847409541077283,135,51,10000,10000,20260926,document-stem cluster percentile bootstrap
variant,digital_2,RRA_clean_median,0.5852936285921087,0.527531122256848,0.6335560724869294,0.030777739011694876,135,51,10000,10000,20260926,document-stem cluster percentile bootstrap
variant,digital_2,RRA_adv_mean,0.0004656250014572811,8.40176778875269e-06,0.0011661979164719785,0.00031166841113471115,135,51,10000,10000,20260926,document-stem cluster percentile bootstrap
variant,digital_2,RRA_adv_median,0.0,0.0,0.0,0.0,135,51,10000,10000,20260926,document-stem cluster percentile bootstrap
variant,digital_2,relative_RRA_degradation_mean,0.9961690797547851,0.9902408942789962,0.9999809945015742,0.002637279739705777,135,51,10000,10000,20260926,document-stem cluster percentile bootstrap
variant,digital_2,relative_RRA_degradation_median,1.0,1.0,1.0,0.0,135,51,10000,10000,20260926,document-stem cluster percentile bootstrap
variant,digital_2,A_union_mean,0.09260722595622967,0.08398348862434361,0.10161856651340898,0.004526909996699082,135,51,10000,10000,20260926,document-stem cluster percentile bootstrap
variant,digital_2,A_union_median,0.0833346672036294,0.0751555193720774,0.0930766022938986,0.004916774876286711,135,51,10000,10000,20260926,document-stem cluster percentile bootstrap
variant,digital_2,mu_clean_mean,2.0906475274029335,1.930297757196961,2.2652195054204967,0.08486487724043144,135,51,10000,10000,20260926,document-stem cluster percentile bootstrap
variant,digital_2,mu_clean_median,1.7622963828593547,1.6322012516831803,1.9233590784470187,0.06763006746536522,135,51,10000,10000,20260926,document-stem cluster percentile bootstrap
variant,digital_2,mu_adv_mean,0.0029163480306365003,0.0008686136598350405,0.006101727814769072,0.0013959974304492066,135,51,10000,10000,20260926,document-stem cluster percentile bootstrap
variant,digital_2,mu_adv_median,8.005214117369181e-05,5.668823725443302e-05,0.0001468042013565,2.308088998267555e-05,135,51,10000,10000,20260926,document-stem cluster percentile bootstrap
variant,digital_2,RRA_lift_clean_mean,6.145153486168906,5.660364505065618,6.694167303016746,0.2636807283311711,135,51,10000,10000,20260926,document-stem cluster percentile bootstrap
variant,digital_2,RRA_lift_clean_median,6.317990179465668,5.675565125437614,7.042842002922592,0.3424623394167458,135,51,10000,10000,20260926,document-stem cluster percentile bootstrap
variant,digital_2,RRA_lift_adv_mean,0.004919991817160709,9.96238339298054e-05,0.012079435603445435,0.0032541876372540785,135,51,10000,10000,20260926,document-stem cluster percentile bootstrap
variant,digital_2,RRA_lift_adv_median,0.0,0.0,0.0,0.0,135,51,10000,10000,20260926,document-stem cluster percentile bootstrap
variant,digital_2,physical_linf_recomputed_mean,0.003841684822076901,0.0037701845444059216,0.0038994545186494863,3.293257365217915e-05,135,51,10000,10000,20260926,document-stem cluster percentile bootstrap
variant,digital_2,physical_linf_recomputed_median,0.0039215686274509,0.0039215686274509,0.0039215686274509,0.0,135,51,10000,10000,20260926,document-stem cluster percentile bootstrap
variant,digital_2,physical_l2_recomputed_mean,8.555233009441576,8.363600415005248,8.745132446388373,0.09816017272303643,135,51,10000,10000,20260926,document-stem cluster percentile bootstrap
variant,digital_2,physical_l2_recomputed_median,9.12469646311709,8.935495163546474,9.482855541019362,0.13242979843145336,135,51,10000,10000,20260926,document-stem cluster percentile bootstrap
variant,digital_3,classification_preservation_rate,1.0,1.0,1.0,0.0,786,262,10000,10000,20260926,document-stem cluster percentile bootstrap
variant,digital_3,DCEC_rate,0.35877862595419846,0.3256997455470738,0.39185750636132316,0.017164670641586426,786,262,10000,10000,20260926,document-stem cluster percentile bootstrap
variant,digital_3,DCEW_rate_given_DCEC,1.0,1.0,1.0,0.0,786,262,10000,10000,20260926,document-stem cluster percentile bootstrap
variant,digital_3,E_clean_mean,0.6420200334984264,0.626702464951048,0.6568035769983477,0.007671453850111072,786,262,10000,10000,20260926,document-stem cluster percentile bootstrap
variant,digital_3,E_clean_median,0.6974616227339663,0.6772179787008296,0.7281766931993128,0.014799452265907096,786,262,10000,10000,20260926,document-stem cluster percentile bootstrap
variant,digital_3,E_adv_mean,0.0050033907531538075,0.004373063328617035,0.005665168579396741,0.000331325510936042,786,262,10000,10000,20260926,document-stem cluster percentile bootstrap
variant,digital_3,E_adv_median,2.2509202872265103e-05,1.972568044685635e-05,2.713005962576142e-05,1.954374738341085e-06,786,262,10000,10000,20260926,document-stem cluster percentile bootstrap
variant,digital_3,relative_E_degradation_mean,0.9912172107895351,0.9894101038089227,0.9927924435005064,0.0008728238962913398,786,262,10000,10000,20260926,document-stem cluster percentile bootstrap
variant,digital_3,relative_E_degradation_median,0.999958225163802,0.9999500920633855,0.9999638412679788,3.1666835224673617e-06,786,262,10000,10000,20260926,document-stem cluster percentile bootstrap
variant,digital_3,RRA_clean_mean,0.48001206570065497,0.47418992492394824,0.4856413696744496,0.0028987906881624767,786,262,10000,10000,20260926,document-stem cluster percentile bootstrap
variant,digital_3,RRA_clean_median,0.48159249043364727,0.47513521351354215,0.48680497093945674,0.0031721562775054645,786,262,10000,10000,20260926,document-stem cluster percentile bootstrap
variant,digital_3,RRA_adv_mean,0.012459036079963693,0.010314412766856972,0.014742799950201783,0.0011181286652242523,786,262,10000,10000,20260926,document-stem cluster percentile bootstrap
variant,digital_3,RRA_adv_median,0.0,0.0,0.0,0.0,786,262,10000,10000,20260926,document-stem cluster percentile bootstrap
variant,digital_3,relative_RRA_degradation_mean,0.9726606113426414,0.9675988564731252,0.9774521292823188,0.0025010438391116926,786,262,10000,10000,20260926,document-stem cluster percentile bootstrap
variant,digital_3,relative_RRA_degradation_median,1.0,1.0,1.0,0.0,786,262,10000,10000,20260926,document-stem cluster percentile bootstrap
variant,digital_3,A_union_mean,0.02865740927211707,0.028040193598785988,0.029289366863699425,0.0003215633568536151,786,262,10000,10000,20260926,document-stem cluster percentile bootstrap
variant,digital_3,A_union_median,0.027570201426025648,0.026908953932056348,0.02831960031786395,0.0003753280388517815,786,262,10000,10000,20260926,document-stem cluster percentile bootstrap
variant,digital_3,mu_clean_mean,23.263390264573,22.498887716977176,24.01823798841384,0.38503788433120295,786,262,10000,10000,20260926,document-stem cluster percentile bootstrap
variant,digital_3,mu_clean_median,23.689217823017522,22.728580221086983,24.672704019332286,0.4749557708901341,786,262,10000,10000,20260926,document-stem cluster percentile bootstrap
variant,digital_3,mu_adv_mean,0.1643867510832363,0.14446140497082477,0.18506188004596302,0.010430568776535622,786,262,10000,10000,20260926,document-stem cluster percentile bootstrap
variant,digital_3,mu_adv_median,0.00082321246358855,0.0006898901853831,0.0009693568464054,6.500625879839696e-05,786,262,10000,10000,20260926,document-stem cluster percentile bootstrap
variant,digital_3,RRA_lift_clean_mean,17.370096113357903,16.96767397971974,17.7778217213533,0.20676692929815166,786,262,10000,10000,20260926,document-stem cluster percentile bootstrap
variant,digital_3,RRA_lift_clean_median,17.06232800074146,16.46035060704447,17.506928361769187,0.2792883416061525,786,262,10000,10000,20260926,document-stem cluster percentile bootstrap
variant,digital_3,RRA_lift_adv_mean,0.4337463551794289,0.3567335413312324,0.5138090910324055,0.03991765295754842,786,262,10000,10000,20260926,document-stem cluster percentile bootstrap
variant,digital_3,RRA_lift_adv_median,0.0,0.0,0.0,0.0,786,262,10000,10000,20260926,document-stem cluster percentile bootstrap
variant,digital_3,physical_linf_recomputed_mean,0.003620964925410287,0.003581050740906969,0.0036608791099136044,2.0272372997574493e-05,786,262,10000,10000,20260926,document-stem cluster percentile bootstrap
variant,digital_3,physical_linf_recomputed_median,0.0039215686274509,0.0039215686274509,0.0039215686274509,0.0,786,262,10000,10000,20260926,document-stem cluster percentile bootstrap
variant,digital_3,physical_l2_recomputed_mean,8.321742075075127,8.22357890008196,8.421721754676609,0.0511589966279925,786,262,10000,10000,20260926,document-stem cluster percentile bootstrap
variant,digital_3,physical_l2_recomputed_median,7.546149606131124,7.15716739344399,8.921363712363359,0.3943959857515035,786,262,10000,10000,20260926,document-stem cluster percentile bootstrap
variant,facedancer,classification_preservation_rate,1.0,1.0,1.0,0.0,107,74,10000,10000,20260926,document-stem cluster percentile bootstrap
variant,facedancer,DCEC_rate,0.0,0.0,0.0,0.0,107,74,10000,10000,20260926,document-stem cluster percentile bootstrap
variant,facedancer,DCEW_rate_given_DCEC,,,,,107,74,0,10000,20260926,document-stem cluster percentile bootstrap
variant,facedancer,E_clean_mean,0.11194378876259875,0.10376176552179278,0.12014633399538867,0.0041645749243524825,107,74,10000,10000,20260926,document-stem cluster percentile bootstrap
variant,facedancer,E_clean_median,0.1018343365086677,0.0972036019421822,0.1122215039513109,0.0039566591597695175,107,74,10000,10000,20260926,document-stem cluster percentile bootstrap
variant,facedancer,E_adv_mean,2.0423779225663172e-05,6.784621607047642e-06,4.391991176541689e-05,1.0107817135045236e-05,107,74,10000,10000,20260926,document-stem cluster percentile bootstrap
variant,facedancer,E_adv_median,1.754367404243819e-06,1.2472108662418492e-06,2.756139575916219e-06,3.731479273828198e-07,107,74,10000,10000,20260926,document-stem cluster percentile bootstrap
variant,facedancer,relative_E_degradation_mean,0.9998510468393169,0.9997142199965685,0.999936361612289,5.8875541317458124e-05,107,74,10000,10000,20260926,document-stem cluster percentile bootstrap
variant,facedancer,relative_E_degradation_median,0.9999848145761138,0.9999749923796384,0.9999873353948832,3.4960089972374267e-06,107,74,10000,10000,20260926,document-stem cluster percentile bootstrap
variant,facedancer,RRA_clean_mean,0.3870235422938021,0.34804041247444356,0.42714850269727206,0.020286641537437568,107,74,10000,10000,20260926,document-stem cluster percentile bootstrap
variant,facedancer,RRA_clean_median,0.3767937206109282,0.3099433919699489,0.4357629579982127,0.03454238651007915,107,74,10000,10000,20260926,document-stem cluster percentile bootstrap
variant,facedancer,RRA_adv_mean,1.4695772420551402e-05,0.0,4.624846026467647e-05,1.4573101727746433e-05,107,74,10000,10000,20260926,document-stem cluster percentile bootstrap
variant,facedancer,RRA_adv_median,0.0,0.0,0.0,0.0,107,74,10000,10000,20260926,document-stem cluster percentile bootstrap
variant,facedancer,relative_RRA_degradation_mean,0.9999749274490357,0.9999210587009243,1.0,2.4856133354835035e-05,107,74,10000,10000,20260926,document-stem cluster percentile bootstrap
variant,facedancer,relative_RRA_degradation_median,1.0,1.0,1.0,0.0,107,74,10000,10000,20260926,document-stem cluster percentile bootstrap
variant,facedancer,A_union_mean,0.06896233199804146,0.06463028782339389,0.07291007416238794,0.0021291895095810523,107,74,10000,10000,20260926,document-stem cluster percentile bootstrap
variant,facedancer,A_union_median,0.0749750762874092,0.0721330747359347,0.0776179254285777,0.0013297501351256407,107,74,10000,10000,20260926,document-stem cluster percentile bootstrap
variant,facedancer,mu_clean_mean,1.6998217124434698,1.5754548487316478,1.8342819258687442,0.06602934342277102,107,74,10000,10000,20260926,document-stem cluster percentile bootstrap
variant,facedancer,mu_clean_median,1.4942962365323509,1.3738481141123224,1.60036108985276,0.06688998362928762,107,74,10000,10000,20260926,document-stem cluster percentile bootstrap
variant,facedancer,mu_adv_mean,0.0002731172707244864,9.586198686647127e-05,0.0005818688713018714,0.00013235893073161562,107,74,10000,10000,20260926,document-stem cluster percentile bootstrap
variant,facedancer,mu_adv_median,2.410220465451139e-05,1.653755346819715e-05,3.855870387921097e-05,6.0506413069345194e-06,107,74,10000,10000,20260926,document-stem cluster percentile bootstrap
variant,facedancer,RRA_lift_clean_mean,5.877978872295171,5.2625541281682136,6.51137718230734,0.3181912994447944,107,74,10000,10000,20260926,document-stem cluster percentile bootstrap
variant,facedancer,RRA_lift_clean_median,5.799460336424328,4.850044212756845,6.631973922768569,0.44223320787325643,107,74,10000,10000,20260926,document-stem cluster percentile bootstrap
variant,facedancer,RRA_lift_adv_mean,0.0001918915955124112,0.0,0.0006038941388184706,0.0001902898100266725,107,74,10000,10000,20260926,document-stem cluster percentile bootstrap
variant,facedancer,RRA_lift_adv_median,0.0,0.0,0.0,0.0,107,74,10000,10000,20260926,document-stem cluster percentile bootstrap
variant,facedancer,physical_linf_recomputed_mean,0.0038574308227963296,0.0037990196078430617,0.0039028944911297042,2.6119303114026468e-05,107,74,10000,10000,20260926,document-stem cluster percentile bootstrap
variant,facedancer,physical_linf_recomputed_median,0.0039215686274509,0.0039215686274509,0.0039215686274509,0.0,107,74,10000,10000,20260926,document-stem cluster percentile bootstrap
variant,facedancer,physical_l2_recomputed_mean,8.390196633548703,8.074088772749901,8.699101930875063,0.1595372898287003,107,74,10000,10000,20260926,document-stem cluster percentile bootstrap
variant,facedancer,physical_l2_recomputed_median,8.707155168835524,8.16974178857353,9.332004405719797,0.31418233199797685,107,74,10000,10000,20260926,document-stem cluster percentile bootstrap
variant,textdiffuserft_bfei,classification_preservation_rate,1.0,1.0,1.0,0.0,149,88,10000,10000,20260926,document-stem cluster percentile bootstrap
variant,textdiffuserft_bfei,DCEC_rate,0.4697986577181208,0.37974221565185257,0.56,0.04622192174056953,149,88,10000,10000,20260926,document-stem cluster percentile bootstrap
variant,textdiffuserft_bfei,DCEW_rate_given_DCEC,1.0,1.0,1.0,0.0,149,88,10000,10000,20260926,document-stem cluster percentile bootstrap
variant,textdiffuserft_bfei,E_clean_mean,0.7031979312899175,0.6649067903292337,0.7410698144083453,0.01914892861912605,149,88,10000,10000,20260926,document-stem cluster percentile bootstrap
variant,textdiffuserft_bfei,E_clean_median,0.7778054789245893,0.7212937088718983,0.8179416162708089,0.026250372141575308,149,88,10000,10000,20260926,document-stem cluster percentile bootstrap
variant,textdiffuserft_bfei,E_adv_mean,0.005452733167288916,0.003740297645222601,0.007298012211451484,0.0008969602233838354,149,88,10000,10000,20260926,document-stem cluster percentile bootstrap
variant,textdiffuserft_bfei,E_adv_median,0.0001032507285792,6.384928011413621e-05,0.0001702017010331,3.18444010788274e-05,149,88,10000,10000,20260926,document-stem cluster percentile bootstrap
variant,textdiffuserft_bfei,relative_E_degradation_mean,0.991642765340595,0.9878793604182141,0.9948185363634496,0.001784902701373585,149,88,10000,10000,20260926,document-stem cluster percentile bootstrap
variant,textdiffuserft_bfei,relative_E_degradation_median,0.999833099273114,0.9996917217251045,0.9999155250770142,5.7184680422157575e-05,149,88,10000,10000,20260926,document-stem cluster percentile bootstrap
variant,textdiffuserft_bfei,RRA_clean_mean,0.5046485965294242,0.4957154900587177,0.5139539578865172,0.004669860572941741,149,88,10000,10000,20260926,document-stem cluster percentile bootstrap
variant,textdiffuserft_bfei,RRA_clean_median,0.499745213656548,0.4920982431034617,0.5083349735289113,0.004463761357490089,149,88,10000,10000,20260926,document-stem cluster percentile bootstrap
variant,textdiffuserft_bfei,RRA_adv_mean,0.011372887319686104,0.006701412316071108,0.016702772901153004,0.0025393019523200304,149,88,10000,10000,20260926,document-stem cluster percentile bootstrap
variant,textdiffuserft_bfei,RRA_adv_median,0.0,0.0,0.0,0.0,149,88,10000,10000,20260926,document-stem cluster percentile bootstrap
variant,textdiffuserft_bfei,relative_RRA_degradation_mean,0.9766069101974005,0.9654239834506255,0.9864574862190999,0.005362593800288236,149,88,10000,10000,20260926,document-stem cluster percentile bootstrap
variant,textdiffuserft_bfei,relative_RRA_degradation_median,1.0,1.0,1.0,0.0,149,88,10000,10000,20260926,document-stem cluster percentile bootstrap
variant,textdiffuserft_bfei,A_union_mean,0.04160435303987458,0.04077163476882365,0.04244958404247789,0.00043404367421453046,149,88,10000,10000,20260926,document-stem cluster percentile bootstrap
variant,textdiffuserft_bfei,A_union_median,0.0415750915750915,0.040574395851515,0.0424953078793036,0.0005080937562000261,149,88,10000,10000,20260926,document-stem cluster percentile bootstrap
variant,textdiffuserft_bfei,mu_clean_mean,17.130181709992463,16.143140574052982,18.09650739838755,0.4987964679872132,149,88,10000,10000,20260926,document-stem cluster percentile bootstrap
variant,textdiffuserft_bfei,mu_clean_median,18.7658482281736,17.323410056820556,19.375744253453128,0.6085321383587237,149,88,10000,10000,20260926,document-stem cluster percentile bootstrap
variant,textdiffuserft_bfei,mu_adv_mean,0.1324979946223851,0.09085669352837575,0.17787831459403372,0.022175476402533208,149,88,10000,10000,20260926,document-stem cluster percentile bootstrap
variant,textdiffuserft_bfei,mu_adv_median,0.0025342998899851,0.0015413328912054,0.0039204281517413,0.0006837257256059616,149,88,10000,10000,20260926,document-stem cluster percentile bootstrap
variant,textdiffuserft_bfei,RRA_lift_clean_mean,12.245838646196333,11.933191634669882,12.570362500874674,0.16320450143299287,149,88,10000,10000,20260926,document-stem cluster percentile bootstrap
variant,textdiffuserft_bfei,RRA_lift_clean_median,12.31504592222603,11.980336499606434,12.644789877462069,0.20093266187719244,149,88,10000,10000,20260926,document-stem cluster percentile bootstrap
variant,textdiffuserft_bfei,RRA_lift_adv_mean,0.27620768584196304,0.16272889705180069,0.40507898067532666,0.06176612729931768,149,88,10000,10000,20260926,document-stem cluster percentile bootstrap
variant,textdiffuserft_bfei,RRA_lift_adv_median,0.0,0.0,0.0,0.0,149,88,10000,10000,20260926,document-stem cluster percentile bootstrap
variant,textdiffuserft_bfei,physical_linf_recomputed_mean,0.00369785498091846,0.0035905228184639113,0.0037942449707154776,5.174044102478871e-05,149,88,10000,10000,20260926,document-stem cluster percentile bootstrap
variant,textdiffuserft_bfei,physical_linf_recomputed_median,0.0039215686274509,0.0039215686274509,0.0039215686274509,0.0,149,88,10000,10000,20260926,document-stem cluster percentile bootstrap
variant,textdiffuserft_bfei,physical_l2_recomputed_mean,8.575872739011642,8.32065301064888,8.829060172828273,0.128896960696225,149,88,10000,10000,20260926,document-stem cluster percentile bootstrap
variant,textdiffuserft_bfei,physical_l2_recomputed_median,9.451647930212676,7.572083115916032,9.521641789962576,0.4591671626690669,149,88,10000,10000,20260926,document-stem cluster percentile bootstrap
hardware_source,huawei,classification_preservation_rate,1.0,1.0,1.0,0.0,450,351,10000,10000,20260926,document-stem cluster percentile bootstrap
hardware_source,huawei,DCEC_rate,0.24666666666666667,0.20814287498438866,0.28440418746246404,0.01929414306918588,450,351,10000,10000,20260926,document-stem cluster percentile bootstrap
hardware_source,huawei,DCEW_rate_given_DCEC,1.0,1.0,1.0,0.0,450,351,10000,10000,20260926,document-stem cluster percentile bootstrap
hardware_source,huawei,E_clean_mean,0.5774427738140907,0.5510510208100288,0.6042079259730277,0.01359183464522448,450,351,10000,10000,20260926,document-stem cluster percentile bootstrap
hardware_source,huawei,E_clean_median,0.6686443492633739,0.6220888873548883,0.7129099764025191,0.02094102273920734,450,351,10000,10000,20260926,document-stem cluster percentile bootstrap
hardware_source,huawei,E_adv_mean,0.008437260023339839,0.007294616027121016,0.00964094441818007,0.0005942589272290805,450,351,10000,10000,20260926,document-stem cluster percentile bootstrap
hardware_source,huawei,E_adv_median,5.574074292007821e-05,3.328933313786204e-05,0.0001096106458089,2.0412499042069682e-05,450,351,10000,10000,20260926,document-stem cluster percentile bootstrap
hardware_source,huawei,relative_E_degradation_mean,0.9847420207190117,0.9811883673599806,0.9877012051252007,0.0016517512494988282,450,351,10000,10000,20260926,document-stem cluster percentile bootstrap
hardware_source,huawei,relative_E_degradation_median,0.999871568085255,0.9997526394434144,0.9999142133013001,4.122197166929432e-05,450,351,10000,10000,20260926,document-stem cluster percentile bootstrap
hardware_source,huawei,RRA_clean_mean,0.5026708031375684,0.4883018591700283,0.5156887639469167,0.006924430454270781,450,351,10000,10000,20260926,document-stem cluster percentile bootstrap
hardware_source,huawei,RRA_clean_median,0.4792335223759941,0.4657513348588863,0.4898081640576743,0.006540572465040624,450,351,10000,10000,20260926,document-stem cluster percentile bootstrap
hardware_source,huawei,RRA_adv_mean,0.02162101170322061,0.017727420527226603,0.02579720103563507,0.0020564369822487806,450,351,10000,10000,20260926,document-stem cluster percentile bootstrap
hardware_source,huawei,RRA_adv_median,0.0,0.0,0.0,0.0,450,351,10000,10000,20260926,document-stem cluster percentile bootstrap
hardware_source,huawei,relative_RRA_degradation_mean,0.952104830348315,0.9425465919917881,0.9607855099955477,0.004625927990478652,450,351,10000,10000,20260926,document-stem cluster percentile bootstrap
hardware_source,huawei,relative_RRA_degradation_median,1.0,1.0,1.0,0.0,450,351,10000,10000,20260926,document-stem cluster percentile bootstrap
hardware_source,huawei,A_union_mean,0.05610850713880182,0.0514570244794549,0.0606147971960374,0.002337489821288653,450,351,10000,10000,20260926,document-stem cluster percentile bootstrap
hardware_source,huawei,A_union_median,0.03490784245868795,0.0334856156736912,0.037109218837451,0.000991334149626072,450,351,10000,10000,20260926,document-stem cluster percentile bootstrap
hardware_source,huawei,mu_clean_mean,16.77316526326329,15.712280452989805,17.87969149891748,0.5547836534461348,450,351,10000,10000,20260926,document-stem cluster percentile bootstrap
hardware_source,huawei,mu_clean_median,18.82395572654066,16.988452138236102,20.243733074568894,0.8619866829522866,450,351,10000,10000,20260926,document-stem cluster percentile bootstrap
hardware_source,huawei,mu_adv_mean,0.26033125115822636,0.2257889054255712,0.2970743889618089,0.018108205528086438,450,351,10000,10000,20260926,document-stem cluster percentile bootstrap
hardware_source,huawei,mu_adv_median,0.00104024047753445,0.0007253124222613,0.0015805240154773,0.00022804258456845175,450,351,10000,10000,20260926,document-stem cluster percentile bootstrap
hardware_source,huawei,RRA_lift_clean_mean,12.170894476678841,11.70790824530603,12.667704165992124,0.24558278658123733,450,351,10000,10000,20260926,document-stem cluster percentile bootstrap
hardware_source,huawei,RRA_lift_clean_median,13.03903011917038,12.339481187631735,13.42959930916563,0.3167934703971317,450,351,10000,10000,20260926,document-stem cluster percentile bootstrap
hardware_source,huawei,RRA_lift_adv_mean,0.7132926500120271,0.5808698229071009,0.8578517687734305,0.07068220142890037,450,351,10000,10000,20260926,document-stem cluster percentile bootstrap
hardware_source,huawei,RRA_lift_adv_median,0.0,0.0,0.0,0.0,450,351,10000,10000,20260926,document-stem cluster percentile bootstrap
hardware_source,huawei,physical_linf_recomputed_mean,0.00337908496732018,0.0033000660491468506,0.003454418426884264,3.9276215358975195e-05,450,351,10000,10000,20260926,document-stem cluster percentile bootstrap
hardware_source,huawei,physical_linf_recomputed_median,0.0039215686274509,0.0039215686274509,0.0039215686274509,0.0,450,351,10000,10000,20260926,document-stem cluster percentile bootstrap
hardware_source,huawei,physical_l2_recomputed_mean,9.23934283155119,9.044438446953682,9.428754835694331,0.09684716897246559,450,351,10000,10000,20260926,document-stem cluster percentile bootstrap
hardware_source,huawei,physical_l2_recomputed_median,10.419569737597836,10.19844655757043,10.628119959408997,0.09828590490061624,450,351,10000,10000,20260926,document-stem cluster percentile bootstrap
hardware_source,iphone15,classification_preservation_rate,1.0,1.0,1.0,0.0,81,81,10000,10000,20260926,document-stem cluster percentile bootstrap
hardware_source,iphone15,DCEC_rate,0.35802469135802467,0.25925925925925924,0.4691358024691358,0.05313700794569263,81,81,10000,10000,20260926,document-stem cluster percentile bootstrap
hardware_source,iphone15,DCEW_rate_given_DCEC,1.0,1.0,1.0,0.0,81,81,10000,10000,20260926,document-stem cluster percentile bootstrap
hardware_source,iphone15,E_clean_mean,0.5900355729545043,0.5207970157295786,0.6591914987625103,0.03523140041710907,81,81,10000,10000,20260926,document-stem cluster percentile bootstrap
hardware_source,iphone15,E_clean_median,0.7363712428986423,0.6093022696618461,0.7929968553933296,0.047123457007567655,81,81,10000,10000,20260926,document-stem cluster percentile bootstrap
hardware_source,iphone15,E_adv_mean,0.0033636812175886887,0.0018613713278379516,0.005142108504283212,0.0008523403256077551,81,81,10000,10000,20260926,document-stem cluster percentile bootstrap
hardware_source,iphone15,E_adv_median,2.801838442019e-05,1.2890093700965115e-05,6.384928011413621e-05,1.1913760594107312e-05,81,81,10000,10000,20260926,document-stem cluster percentile bootstrap
hardware_source,iphone15,relative_E_degradation_mean,0.9960994871161845,0.9940374113789602,0.9978390285922878,0.0009914346870565382,81,81,10000,10000,20260926,document-stem cluster percentile bootstrap
hardware_source,iphone15,relative_E_degradation_median,0.9999569397320608,0.9999155250770142,0.9999670348346392,1.3175647426568764e-05,81,81,10000,10000,20260926,document-stem cluster percentile bootstrap
hardware_source,iphone15,RRA_clean_mean,0.5627443528483761,0.5419121140493717,0.5846247078837613,0.010869372833939852,81,81,10000,10000,20260926,document-stem cluster percentile bootstrap
hardware_source,iphone15,RRA_clean_median,0.5313819307627358,0.5057900359107232,0.5454409648393346,0.010209903293108237,81,81,10000,10000,20260926,document-stem cluster percentile bootstrap
hardware_source,iphone15,RRA_adv_mean,0.006036246176433505,0.002121245855642575,0.011035622830087377,0.0022993834909298206,81,81,10000,10000,20260926,document-stem cluster percentile bootstrap
hardware_source,iphone15,RRA_adv_median,0.0,0.0,0.0,0.0,81,81,10000,10000,20260926,document-stem cluster percentile bootstrap
hardware_source,iphone15,relative_RRA_degradation_mean,0.9884214668541589,0.9785909698596252,0.9961502669355612,0.00451868002267929,81,81,10000,10000,20260926,document-stem cluster percentile bootstrap
hardware_source,iphone15,relative_RRA_degradation_median,1.0,1.0,1.0,0.0,81,81,10000,10000,20260926,document-stem cluster percentile bootstrap
hardware_source,iphone15,A_union_mean,0.05161132931131389,0.047841016999473934,0.05552490219852613,0.0019765021990365084,81,81,10000,10000,20260926,document-stem cluster percentile bootstrap
hardware_source,iphone15,A_union_median,0.0425679789378419,0.0414976531564027,0.0439855244180365,0.0006568697666016815,81,81,10000,10000,20260926,document-stem cluster percentile bootstrap
hardware_source,iphone15,mu_clean_mean,14.036016371433261,12.118263435756726,15.94355478545547,0.9766639431719801,81,81,10000,10000,20260926,document-stem cluster percentile bootstrap
hardware_source,iphone15,mu_clean_median,18.200075713829143,15.60287349254002,19.46193036018995,1.2039877066055158,81,81,10000,10000,20260926,document-stem cluster percentile bootstrap
hardware_source,iphone15,mu_adv_mean,0.08410058880224758,0.045487184098774926,0.13042925328343546,0.021983639094567735,81,81,10000,10000,20260926,document-stem cluster percentile bootstrap
hardware_source,iphone15,mu_adv_median,0.0006598140251055,0.0002896842016101,0.0011172109899058,0.0002505547279771765,81,81,10000,10000,20260926,document-stem cluster percentile bootstrap
hardware_source,iphone15,RRA_lift_clean_mean,11.555903997633546,11.069733369293376,12.042518906138978,0.24817946488169262,81,81,10000,10000,20260926,document-stem cluster percentile bootstrap
hardware_source,iphone15,RRA_lift_clean_median,12.043171446999832,11.392685886442289,12.529359183819976,0.30443757614060796,81,81,10000,10000,20260926,document-stem cluster percentile bootstrap
hardware_source,iphone15,RRA_lift_adv_mean,0.15253402158016666,0.05230166542935483,0.27986250025996334,0.058671830715506045,81,81,10000,10000,20260926,document-stem cluster percentile bootstrap
hardware_source,iphone15,RRA_lift_adv_median,0.0,0.0,0.0,0.0,81,81,10000,10000,20260926,document-stem cluster percentile bootstrap
hardware_source,iphone15,physical_linf_recomputed_mean,0.0038247397724521107,0.0037279109174533213,0.003897361413701203,4.40142432475184e-05,81,81,10000,10000,20260926,document-stem cluster percentile bootstrap
hardware_source,iphone15,physical_linf_recomputed_median,0.0039215686274509,0.0039215686274509,0.0039215686274509,0.0,81,81,10000,10000,20260926,document-stem cluster percentile bootstrap
hardware_source,iphone15,physical_l2_recomputed_mean,9.095016705827781,8.861158580506968,9.299304839977768,0.1127434433065554,81,81,10000,10000,20260926,document-stem cluster percentile bootstrap
hardware_source,iphone15,physical_l2_recomputed_median,9.51821636202606,9.47155934208442,9.549701882055793,0.02267141102063513,81,81,10000,10000,20260926,document-stem cluster percentile bootstrap
hardware_source,iphone15pro,classification_preservation_rate,1.0,1.0,1.0,0.0,358,262,10000,10000,20260926,document-stem cluster percentile bootstrap
hardware_source,iphone15pro,DCEC_rate,0.6005586592178771,0.552629805646191,0.6492791104447775,0.024474842797911137,358,262,10000,10000,20260926,document-stem cluster percentile bootstrap
hardware_source,iphone15pro,DCEW_rate_given_DCEC,1.0,1.0,1.0,0.0,358,262,10000,10000,20260926,document-stem cluster percentile bootstrap
hardware_source,iphone15pro,E_clean_mean,0.6947975789342619,0.6702132424896303,0.7199285109374163,0.012662416729518438,358,262,10000,10000,20260926,document-stem cluster percentile bootstrap
hardware_source,iphone15pro,E_clean_median,0.7830501604372292,0.7403345758568881,0.81047537415799,0.0172531391628209,358,262,10000,10000,20260926,document-stem cluster percentile bootstrap
hardware_source,iphone15pro,E_adv_mean,0.0019649308732180575,0.0013685128964658053,0.002673781730701003,0.00033738067748639546,358,262,10000,10000,20260926,document-stem cluster percentile bootstrap
hardware_source,iphone15pro,E_adv_median,3.5730090501644656e-05,2.553799045646832e-05,5.124994324616053e-05,6.706894858404611e-06,358,262,10000,10000,20260926,document-stem cluster percentile bootstrap
hardware_source,iphone15pro,relative_E_degradation_mean,0.9970918469914791,0.9960310213920436,0.9980057989896736,0.0005051150677232985,358,262,10000,10000,20260926,document-stem cluster percentile bootstrap
hardware_source,iphone15pro,relative_E_degradation_median,0.9999464824136446,0.9999218043867412,0.999963367499685,9.648141040380438e-06,358,262,10000,10000,20260926,document-stem cluster percentile bootstrap
hardware_source,iphone15pro,RRA_clean_mean,0.5745527699744903,0.5604532670759445,0.5875033041255456,0.0068800833281123805,358,262,10000,10000,20260926,document-stem cluster percentile bootstrap
hardware_source,iphone15pro,RRA_clean_median,0.5465371796426453,0.5370012513325713,0.5586529346551198,0.005669323973405533,358,262,10000,10000,20260926,document-stem cluster percentile bootstrap
hardware_source,iphone15pro,RRA_adv_mean,0.003542796676708443,0.002009485979105506,0.005411409112331051,0.0008673200770370743,358,262,10000,10000,20260926,document-stem cluster percentile bootstrap
hardware_source,iphone15pro,RRA_adv_median,0.0,0.0,0.0,0.0,358,262,10000,10000,20260926,document-stem cluster percentile bootstrap
hardware_source,iphone15pro,relative_RRA_degradation_mean,0.9930832080130951,0.9893587992895155,0.9961278933419039,0.0017162944568870696,358,262,10000,10000,20260926,document-stem cluster percentile bootstrap
hardware_source,iphone15pro,relative_RRA_degradation_median,1.0,1.0,1.0,0.0,358,262,10000,10000,20260926,document-stem cluster percentile bootstrap
hardware_source,iphone15pro,A_union_mean,0.053342371046178595,0.04731848536132415,0.05912926306554442,0.0030004615415787322,358,262,10000,10000,20260926,document-stem cluster percentile bootstrap
hardware_source,iphone15pro,A_union_median,0.0282448595979429,0.027119705444752,0.0290730082672583,0.0005266405618841181,358,262,10000,10000,20260926,document-stem cluster percentile bootstrap
hardware_source,iphone15pro,mu_clean_mean,22.70941392074271,21.270177045396363,24.28113414804423,0.7737088042033106,358,262,10000,10000,20260926,document-stem cluster percentile bootstrap
hardware_source,iphone15pro,mu_clean_median,26.047785383948316,23.52778745688629,27.826722821499104,1.1723152213184835,358,262,10000,10000,20260926,document-stem cluster percentile bootstrap
hardware_source,iphone15pro,mu_adv_mean,0.06876864200202515,0.04799992383609807,0.09255923157280137,0.011499084059072686,358,262,10000,10000,20260926,document-stem cluster percentile bootstrap
hardware_source,iphone15pro,mu_adv_median,0.0009086965865170501,0.0007462715400949,0.0011790616391346,0.00011039726785182932,358,262,10000,10000,20260926,document-stem cluster percentile bootstrap
hardware_source,iphone15pro,RRA_lift_clean_mean,16.370789348570714,15.606469406062466,17.18664915206667,0.40574691611292396,358,262,10000,10000,20260926,document-stem cluster percentile bootstrap
hardware_source,iphone15pro,RRA_lift_clean_median,18.120752099325586,17.30160900511101,18.783172696902767,0.4331348452204422,358,262,10000,10000,20260926,document-stem cluster percentile bootstrap
hardware_source,iphone15pro,RRA_lift_adv_mean,0.13575766386439486,0.07573677311791428,0.2083846395925408,0.03383870451043216,358,262,10000,10000,20260926,document-stem cluster percentile bootstrap
hardware_source,iphone15pro,RRA_lift_adv_median,0.0,0.0,0.0,0.0,358,262,10000,10000,20260926,document-stem cluster percentile bootstrap
hardware_source,iphone15pro,physical_linf_recomputed_mean,0.0038531054880051787,0.0038173300317925346,0.0038842710997441647,1.694073138786297e-05,358,262,10000,10000,20260926,document-stem cluster percentile bootstrap
hardware_source,iphone15pro,physical_linf_recomputed_median,0.0039215686274509,0.0039215686274509,0.0039215686274509,0.0,358,262,10000,10000,20260926,document-stem cluster percentile bootstrap
hardware_source,iphone15pro,physical_l2_recomputed_mean,9.34086182426317,9.234154771016113,9.439062824628609,0.0527887488304451,358,262,10000,10000,20260926,document-stem cluster percentile bootstrap
hardware_source,iphone15pro,physical_l2_recomputed_median,9.706388056810905,9.654127461727937,9.741281504990866,0.02560268333922173,358,262,10000,10000,20260926,document-stem cluster percentile bootstrap
hardware_source,scan,classification_preservation_rate,1.0,1.0,1.0,0.0,441,348,10000,10000,20260926,document-stem cluster percentile bootstrap
hardware_source,scan,DCEC_rate,0.1836734693877551,0.14840145824127263,0.2217197078387896,0.01881539448996369,441,348,10000,10000,20260926,document-stem cluster percentile bootstrap
hardware_source,scan,DCEW_rate_given_DCEC,1.0,1.0,1.0,0.0,441,348,10000,10000,20260926,document-stem cluster percentile bootstrap
hardware_source,scan,E_clean_mean,0.3989095142868321,0.37768530714962467,0.4204917083396893,0.010879062592565242,441,348,10000,10000,20260926,document-stem cluster percentile bootstrap
hardware_source,scan,E_clean_median,0.3794225953734036,0.3434796843370082,0.414685178648975,0.01983120895203893,441,348,10000,10000,20260926,document-stem cluster percentile bootstrap
hardware_source,scan,E_adv_mean,0.00026324908061087113,0.00016514961117862248,0.0003864692709684443,5.677965597714385e-05,441,348,10000,10000,20260926,document-stem cluster percentile bootstrap
hardware_source,scan,E_adv_median,1.436201492856958e-05,1.2175607750732037e-05,1.7729862401167503e-05,1.568436471684663e-06,441,348,10000,10000,20260926,document-stem cluster percentile bootstrap
hardware_source,scan,relative_E_degradation_mean,0.999035516879782,0.9983023653735908,0.9995578636615949,0.00032928088057198424,441,348,10000,10000,20260926,document-stem cluster percentile bootstrap
hardware_source,scan,relative_E_degradation_median,0.9999572368281904,0.9999509995302728,0.9999625101113,2.871496924624539e-06,441,348,10000,10000,20260926,document-stem cluster percentile bootstrap
hardware_source,scan,RRA_clean_mean,0.424233916343605,0.40949049480131217,0.43916780391567534,0.007564459565348007,441,348,10000,10000,20260926,document-stem cluster percentile bootstrap
hardware_source,scan,RRA_clean_median,0.4546097062980996,0.4440054554901281,0.4667027816972384,0.00591395623393123,441,348,10000,10000,20260926,document-stem cluster percentile bootstrap
hardware_source,scan,RRA_adv_mean,0.00018891333147959358,3.0271476591767203e-05,0.00040997736344978785,9.890696599363724e-05,441,348,10000,10000,20260926,document-stem cluster percentile bootstrap
hardware_source,scan,RRA_adv_median,0.0,0.0,0.0,0.0,441,348,10000,10000,20260926,document-stem cluster percentile bootstrap
hardware_source,scan,relative_RRA_degradation_mean,0.9986827873903256,0.9968325646132092,0.9999255161061735,0.0008191753585243573,441,348,10000,10000,20260926,document-stem cluster percentile bootstrap
hardware_source,scan,relative_RRA_degradation_median,1.0,1.0,1.0,0.0,441,348,10000,10000,20260926,document-stem cluster percentile bootstrap
hardware_source,scan,A_union_mean,0.05462837771324239,0.04980352720497454,0.05944642154132732,0.00244795013517137,441,348,10000,10000,20260926,document-stem cluster percentile bootstrap
hardware_source,scan,A_union_median,0.0333729907097059,0.031770547387346,0.0354250719419258,0.0008638396359961145,441,348,10000,10000,20260926,document-stem cluster percentile bootstrap
hardware_source,scan,mu_clean_mean,11.528754036858263,10.722213842282015,12.380575691195164,0.42100942996992846,441,348,10000,10000,20260926,document-stem cluster percentile bootstrap
hardware_source,scan,mu_clean_median,10.523585364231527,8.768941228879177,11.572741282998438,0.7504263736439284,441,348,10000,10000,20260926,document-stem cluster percentile bootstrap
hardware_source,scan,mu_adv_mean,0.003321219783423721,0.0022862751230831127,0.004635561836194161,0.0006019455619843761,441,348,10000,10000,20260926,document-stem cluster percentile bootstrap
hardware_source,scan,mu_adv_median,0.0004672446385467,0.0003813031618191,0.0005388946330613,4.468720980566353e-05,441,348,10000,10000,20260926,document-stem cluster percentile bootstrap
hardware_source,scan,RRA_lift_clean_mean,12.157536253294037,11.522055687986539,12.801701452986821,0.3267334066881532,441,348,10000,10000,20260926,document-stem cluster percentile bootstrap
hardware_source,scan,RRA_lift_clean_median,13.228471453028453,12.570600930223568,14.053455370752754,0.3927662013992249,441,348,10000,10000,20260926,document-stem cluster percentile bootstrap
hardware_source,scan,RRA_lift_adv_mean,0.002066130204209046,0.00029655235183161815,0.004464033672943603,0.0010720708447877374,441,348,10000,10000,20260926,document-stem cluster percentile bootstrap
hardware_source,scan,RRA_lift_adv_median,0.0,0.0,0.0,0.0,441,348,10000,10000,20260926,document-stem cluster percentile bootstrap
hardware_source,scan,physical_linf_recomputed_mean,0.0038904450669155744,0.003866751001475779,0.0039100886256140995,1.1036197412924075e-05,441,348,10000,10000,20260926,document-stem cluster percentile bootstrap
hardware_source,scan,physical_linf_recomputed_median,0.0039215686274509,0.0039215686274509,0.0039215686274509,0.0,441,348,10000,10000,20260926,document-stem cluster percentile bootstrap
hardware_source,scan,physical_l2_recomputed_mean,6.69810904967322,6.647643988875182,6.745686732055996,0.024749504807071162,441,348,10000,10000,20260926,document-stem cluster percentile bootstrap
hardware_source,scan,physical_l2_recomputed_median,6.879250110572658,6.861990183731491,6.89019042875883,0.008090710241446818,441,348,10000,10000,20260926,document-stem cluster percentile bootstrap
eval_split,dev_val,classification_preservation_rate,1.0,1.0,1.0,0.0,288,51,10000,10000,20260926,document-stem cluster percentile bootstrap
eval_split,dev_val,DCEC_rate,0.2916666666666667,0.2534246575342466,0.3333333333333333,0.02027019550158087,288,51,10000,10000,20260926,document-stem cluster percentile bootstrap
eval_split,dev_val,DCEW_rate_given_DCEC,1.0,1.0,1.0,0.0,288,51,10000,10000,20260926,document-stem cluster percentile bootstrap
eval_split,dev_val,E_clean_mean,0.3851268583161649,0.3656093047837779,0.40487058581350727,0.009976750882056575,288,51,10000,10000,20260926,document-stem cluster percentile bootstrap
eval_split,dev_val,E_clean_median,0.34555104654225555,0.3173962571942522,0.3800962164732345,0.01820173654754524,288,51,10000,10000,20260926,document-stem cluster percentile bootstrap
eval_split,dev_val,E_adv_mean,0.0004911651666909158,0.00032520270351911625,0.0006893835931442832,9.322619213951054e-05,288,51,10000,10000,20260926,document-stem cluster percentile bootstrap
eval_split,dev_val,E_adv_median,7.125673156311714e-05,4.950774697403429e-05,0.0001095205593348,1.548179514753471e-05,288,51,10000,10000,20260926,document-stem cluster percentile bootstrap
eval_split,dev_val,relative_E_degradation_mean,0.9983192715929492,0.9972116352030549,0.9991184084471155,0.0004936853293708725,288,51,10000,10000,20260926,document-stem cluster percentile bootstrap
eval_split,dev_val,relative_E_degradation_median,0.9998159189562623,0.9997288691965908,0.999872970264142,4.107190267250586e-05,288,51,10000,10000,20260926,document-stem cluster percentile bootstrap
eval_split,dev_val,RRA_clean_mean,0.5925956916735616,0.5683201510187298,0.6176751659832486,0.01254957392669987,288,51,10000,10000,20260926,document-stem cluster percentile bootstrap
eval_split,dev_val,RRA_clean_median,0.6580787798407189,0.6297084258851775,0.6760518454879665,0.012005720602046051,288,51,10000,10000,20260926,document-stem cluster percentile bootstrap
eval_split,dev_val,RRA_adv_mean,0.0002815561772597935,4.619575706864929e-05,0.0006072669326537198,0.00014735278891101245,288,51,10000,10000,20260926,document-stem cluster percentile bootstrap
eval_split,dev_val,RRA_adv_median,0.0,0.0,0.0,0.0,288,51,10000,10000,20260926,document-stem cluster percentile bootstrap
eval_split,dev_val,relative_RRA_degradation_mean,0.9980226213473377,0.9952733392019097,0.999912979946015,0.0012324232205801046,288,51,10000,10000,20260926,document-stem cluster percentile bootstrap
eval_split,dev_val,relative_RRA_degradation_median,1.0,1.0,1.0,0.0,288,51,10000,10000,20260926,document-stem cluster percentile bootstrap
eval_split,dev_val,A_union_mean,0.1267857204101851,0.11573862490647399,0.1387049889408782,0.005881393529293347,288,51,10000,10000,20260926,document-stem cluster percentile bootstrap
eval_split,dev_val,A_union_median,0.1143337639606119,0.106607520497036,0.1263495441603635,0.004665453196279171,288,51,10000,10000,20260926,document-stem cluster percentile bootstrap
eval_split,dev_val,mu_clean_mean,3.0544779946536504,2.8320347061714,3.2878420964787,0.11708720055591619,288,51,10000,10000,20260926,document-stem cluster percentile bootstrap
eval_split,dev_val,mu_clean_median,2.568836155968365,2.324832598270108,2.8127115652466643,0.12502164354857037,288,51,10000,10000,20260926,document-stem cluster percentile bootstrap
eval_split,dev_val,mu_adv_mean,0.003700108948861719,0.0023955736843455223,0.005377095465544842,0.0007685753208249899,288,51,10000,10000,20260926,document-stem cluster percentile bootstrap
eval_split,dev_val,mu_adv_median,0.00054110836195035,0.0004093872287560851,0.0007866192269902,9.776883240421433e-05,288,51,10000,10000,20260926,document-stem cluster percentile bootstrap
eval_split,dev_val,RRA_lift_clean_mean,5.307908229467485,4.88596434856747,5.765624741161777,0.22535663558298305,288,51,10000,10000,20260926,document-stem cluster percentile bootstrap
eval_split,dev_val,RRA_lift_clean_median,5.293475245152858,4.779755478390293,5.81371321888984,0.26851726681961363,288,51,10000,10000,20260926,document-stem cluster percentile bootstrap
eval_split,dev_val,RRA_lift_adv_mean,0.0026015367177491967,0.0002688224154377225,0.005939014250754765,0.001518704320295492,288,51,10000,10000,20260926,document-stem cluster percentile bootstrap
eval_split,dev_val,RRA_lift_adv_median,0.0,0.0,0.0,0.0,288,51,10000,10000,20260926,document-stem cluster percentile bootstrap
eval_split,dev_val,physical_linf_recomputed_mean,0.0038739106753811836,0.0038398692810456725,0.003901286394401264,1.596075966901006e-05,288,51,10000,10000,20260926,document-stem cluster percentile bootstrap
eval_split,dev_val,physical_linf_recomputed_median,0.0039215686274509,0.0039215686274509,0.0039215686274509,0.0,288,51,10000,10000,20260926,document-stem cluster percentile bootstrap
eval_split,dev_val,physical_l2_recomputed_mean,8.596701050176016,8.470028221259533,8.720892622198848,0.06478452621780127,288,51,10000,10000,20260926,document-stem cluster percentile bootstrap
eval_split,dev_val,physical_l2_recomputed_median,9.14087104421172,9.003438618598008,9.500311312408648,0.10588441511525691,288,51,10000,10000,20260926,document-stem cluster percentile bootstrap
eval_split,official_test,classification_preservation_rate,1.0,1.0,1.0,0.0,1042,362,10000,10000,20260926,document-stem cluster percentile bootstrap
eval_split,official_test,DCEC_rate,0.3378119001919386,0.30836534343874367,0.367662614574112,0.015137397830047968,1042,362,10000,10000,20260926,document-stem cluster percentile bootstrap
eval_split,official_test,DCEW_rate_given_DCEC,1.0,1.0,1.0,0.0,1042,362,10000,10000,20260926,document-stem cluster percentile bootstrap
eval_split,official_test,E_clean_mean,0.5963361069957379,0.5791410100594896,0.6133891701827235,0.008765649085244406,1042,362,10000,10000,20260926,document-stem cluster percentile bootstrap
eval_split,official_test,E_clean_median,0.6720256999050687,0.6467110897079087,0.6914931813791303,0.012071476514895079,1042,362,10000,10000,20260926,document-stem cluster percentile bootstrap
eval_split,official_test,E_adv_mean,0.004555957503149795,0.003989370956191886,0.005132424121037112,0.00029078284012221573,1042,362,10000,10000,20260926,document-stem cluster percentile bootstrap
eval_split,official_test,E_adv_median,2.1555650032039086e-05,1.8740151262727648e-05,2.6109716270691742e-05,1.8366336814252497e-06,1042,362,10000,10000,20260926,document-stem cluster percentile bootstrap
eval_split,official_test,relative_E_degradation_mean,0.9921646465721019,0.9906870812277525,0.9934763895318302,0.0007153841790389382,1042,362,10000,10000,20260926,document-stem cluster percentile bootstrap
eval_split,official_test,relative_E_degradation_median,0.9999566938736396,0.999948656081079,0.9999612378797418,3.2787744861054576e-06,1042,362,10000,10000,20260926,document-stem cluster percentile bootstrap
eval_split,official_test,RRA_clean_mean,0.4739862222159653,0.4677278535858165,0.480104684753876,0.0031772730665912217,1042,362,10000,10000,20260926,document-stem cluster percentile bootstrap
eval_split,official_test,RRA_clean_median,0.48222571048324026,0.4768221457716617,0.4885597497253559,0.0027971148089940313,1042,362,10000,10000,20260926,document-stem cluster percentile bootstrap
eval_split,official_test,RRA_adv_mean,0.011025849344658053,0.009217124013471762,0.012933722854187204,0.0009417125425816116,1042,362,10000,10000,20260926,document-stem cluster percentile bootstrap
eval_split,official_test,RRA_adv_median,0.0,0.0,0.0,0.0,1042,362,10000,10000,20260926,document-stem cluster percentile bootstrap
eval_split,official_test,relative_RRA_degradation_mean,0.9760067362577586,0.9717062566119872,0.9800247703016945,0.002090000917131698,1042,362,10000,10000,20260926,document-stem cluster percentile bootstrap
eval_split,official_test,relative_RRA_degradation_median,1.0,1.0,1.0,0.0,1042,362,10000,10000,20260926,document-stem cluster percentile bootstrap
eval_split,official_test,A_union_mean,0.03464754492765428,0.03337979611737343,0.03597248350478254,0.0006627609269882652,1042,362,10000,10000,20260926,document-stem cluster percentile bootstrap
eval_split,official_test,A_union_median,0.029818045082360897,0.02889230522851298,0.0309503400147887,0.0005256630999628351,1042,362,10000,10000,20260926,document-stem cluster percentile bootstrap
eval_split,official_test,mu_clean_mean,20.172075571952696,19.34340458004723,21.00501305793573,0.42536338852780387,1042,362,10000,10000,20260926,document-stem cluster percentile bootstrap
eval_split,official_test,mu_clean_median,20.35280674338535,19.561905102337374,21.260262066982097,0.454303761890915,1042,362,10000,10000,20260926,document-stem cluster percentile bootstrap
eval_split,official_test,mu_adv_mean,0.14297448281969924,0.1256282033621789,0.160591796426213,0.008878246512659482,1042,362,10000,10000,20260926,document-stem cluster percentile bootstrap
eval_split,official_test,mu_adv_median,0.00075132586406555,0.0006396917679647,0.0008730050953679,6.080438834255188e-05,1042,362,10000,10000,20260926,document-stem cluster percentile bootstrap
eval_split,official_test,RRA_lift_clean_mean,15.457264148481906,14.99530079355303,15.929004054319973,0.23979208586838302,1042,362,10000,10000,20260926,document-stem cluster percentile bootstrap
eval_split,official_test,RRA_lift_clean_median,15.393708627240263,14.9105789900443,15.878401148120105,0.25267376820996107,1042,362,10000,10000,20260926,document-stem cluster percentile bootstrap
eval_split,official_test,RRA_lift_adv_mean,0.3666987646470283,0.30539247835720934,0.4322097052868498,0.03240729446164426,1042,362,10000,10000,20260926,document-stem cluster percentile bootstrap
eval_split,official_test,RRA_lift_adv_median,0.0,0.0,0.0,0.0,1042,362,10000,10000,20260926,document-stem cluster percentile bootstrap
eval_split,official_test,physical_linf_recomputed_mean,0.0036562417673402527,0.0036200553269659257,0.003690998387882797,1.8029550510737924e-05,1042,362,10000,10000,20260926,document-stem cluster percentile bootstrap
eval_split,official_test,physical_linf_recomputed_median,0.0039215686274509,0.0039215686274509,0.0039215686274509,0.0,1042,362,10000,10000,20260926,document-stem cluster percentile bootstrap
eval_split,official_test,physical_l2_recomputed_mean,8.365110699531186,8.274168355654297,8.454330895114538,0.04563598462305029,1042,362,10000,10000,20260926,document-stem cluster percentile bootstrap
eval_split,official_test,physical_l2_recomputed_median,8.347647024099107,7.597318684241715,8.950189815397307,0.4055761978141819,1042,362,10000,10000,20260926,document-stem cluster percentile bootstrap
