group,value,n,n_stems,DC_adv_rate,DCEC_n,DCEC_rate_all,DCEW_n,DCEW_rate_given_DCEC,classification_flip_n,A_median,E_clean_mean,E_adv_mean,relative_E_degradation_median,RRA_clean_mean,RRA_adv_mean,relative_RRA_degradation_median,mu_clean_median,mu_adv_median,RRA_lift_clean_median,RRA_lift_adv_median,PG_clean_mean,PG_adv_mean,pixel_linf_max
variant,digital_1,153,51,1.0,146,0.954248366013072,146,1.0,0,0.14398513812576313,0.7066198443740539,0.14658263455765652,0.788889048407747,0.752999831648648,0.10812734642356948,0.8655283938172044,4.72750126472334,1.012628267705433,5.322349773021845,0.6404322844310111,1.0,0.673202614379085,0.0039215851575136
variant,digital_2,153,51,1.0,91,0.5947712418300654,91,1.0,0,0.08437786172161173,0.5459594424323216,0.10186566149393352,0.8190238568844472,0.6925188215602297,0.08638537625478704,0.8835457020000789,6.475051648666192,1.0692548391657246,8.125908927091041,0.8079431437717586,0.5228758169934641,0.24836601307189543,0.0039215851575136
variant,facedancer,144,86,1.0,93,0.6458333333333334,93,1.0,0,0.07456307649690823,0.49404810390740317,0.02214567589586623,0.9969920466217205,0.696363505699369,0.017775058933859753,1.0,7.708542972520172,0.0229923204139764,10.318791414170935,0.0,0.7222222222222222,0.0,0.0039215851575136
hardware_source,huawei,154,103,1.0,113,0.7337662337662337,113,1.0,0,0.08486638454533889,0.5830945319105972,0.08130562671959149,0.9181731790153274,0.7066626870128354,0.06565727052518935,0.9554952057393715,6.390362773399634,0.49823902096578243,8.138695248023183,0.2707671371757018,0.7662337662337663,0.2532467532467532,0.0039215851575136
hardware_source,iphone15,40,40,1.0,25,0.625,25,1.0,0,0.07328090258066042,0.489849288503417,0.015912453574366058,0.9979856021935285,0.7027323009747619,0.011744359253526319,1.0,7.7502849888388194,0.01358468778146897,10.505420957435671,0.0,0.65,0.0,0.0039215851575136
hardware_source,iphone15pro,102,51,1.0,77,0.7549019607843137,77,1.0,0,0.11213369304253543,0.6203869445447087,0.11580413345642608,0.8147053966890365,0.7335730863721853,0.0921024404651655,0.8884776471264287,5.7552825794040015,0.9981954878674454,6.7981886021257605,0.6896974170736663,0.7647058823529411,0.46078431372549017,0.0039215851575136
hardware_source,scan,154,103,1.0,115,0.7467532467532467,115,1.0,0,0.08635389128135346,0.5851789613383933,0.10540246983474555,0.821723497775843,0.7122136241086846,0.08015981881686532,0.8879849283825083,6.311924792112691,0.9536483764765638,8.085152522250809,0.643618439470699,0.7467532467532467,0.35714285714285715,0.0039215851575136
eval_split,dev_val,306,51,1.0,237,0.7745098039215687,237,1.0,0,0.11390457218309044,0.6262896434031878,0.12422414802579503,0.7985973333324771,0.7227593266044389,0.09725636133917827,0.8741266039679327,5.648952096553267,1.0412983104681692,6.464596031384872,0.733202224440471,0.761437908496732,0.46078431372549017,0.0039215851575136
eval_split,official_test,144,86,1.0,93,0.6458333333333334,93,1.0,0,0.07456307649690823,0.49404810390740317,0.02214567589586623,0.9969920466217205,0.696363505699369,0.017775058933859753,1.0,7.708542972520172,0.0229923204139764,10.318791414170935,0.0,0.7222222222222222,0.0,0.0039215851575136
