metric,n,mean,median,q25,q75,q95,min,max
A_union,450,0.1067109034724612,0.08775164443821726,0.0728996573534399,0.13007859909759237,0.22180952465573178,0.030360481532356532,0.311150958893643
E_clean,450,0.5839723507645367,0.5791083919493598,0.49335526065345936,0.6782360942140038,0.8324638224472095,0.2733537912010796,0.9532629802584796
E_adv,450,0.09155903694421781,0.0910812579849882,0.010737575876797325,0.1509897408708072,0.21694502123805506,0.0,0.4908373204082489
relative_E_degradation,450,0.8486319864386546,0.8473963227730837,0.7606603768997711,0.9821868244096378,1.0,0.0036563564098004006,1.0
RRA_clean,450,0.7143126639148165,0.735969689165897,0.6745333018600743,0.7752699118119327,0.8160389307742386,0.35176559929122897,0.8830734966592427
RRA_adv,450,0.07182234456947634,0.0629798748446922,0.0,0.11717997300939503,0.20186888788189333,0.0,0.5513480356920364
relative_RRA_degradation,450,0.8996751966951064,0.913340479291745,0.8433389220419689,1.0,1.0,0.005681818181818188,1.0
mu_clean,450,6.221653089818135,6.337872103488975,4.933906398331075,7.2310216267863066,9.625675942752313,2.003821856927255,10.68805009597369
mu_adv,450,0.8582215921330545,0.7513755953707272,0.12978012855993082,1.260798607132227,2.1807323390255404,0.0,8.375273245435345
RRA_lift_clean,450,8.203028249436171,8.02583611823324,5.6703487288337895,10.041857288380257,15.55068019032433,1.8851537414794246,19.334142701320342
RRA_lift_adv,450,0.6918906871976214,0.46161414969624526,0.0,0.9914399615520504,2.120225980947466,0.0,14.480497872632606
PG_clean,450,0.7488888888888889,1.0,0.25,1.0,1.0,0.0,1.0
PG_adv,450,0.31333333333333335,0.0,0.0,1.0,1.0,0.0,1.0
pixel_linf,450,0.0037683079202370994,0.0039215851575136,0.0039215851575136,0.0039215851575136,0.0039215851575136,3.876447863149224e-06,0.0039215851575136
