tau_E,tau_RRA,n_total,n_DCEC,DCEC_rate_all,n_DCEW,DCEW_rate_given_DCEC,n_classification_flips_given_DCEC,classification_flip_rate_given_DCEC,n_DCEW_E_only,n_DCEW_RRA_only,n_DCEW_both
0.25,0.25,450,450,1.0,445,0.9888888888888889,0,0.0,6,5,434
0.25,0.5,450,437,0.9711111111111111,436,0.9977116704805492,0,0.0,0,8,428
0.25,0.75,450,186,0.41333333333333333,186,1.0,0,0.0,0,6,180
0.5,0.25,450,330,0.7333333333333333,330,1.0,0,0.0,7,0,323
0.5,0.5,450,330,0.7333333333333333,330,1.0,0,0.0,1,0,329
0.5,0.75,450,182,0.40444444444444444,182,1.0,0,0.0,0,0,182
0.75,0.25,450,62,0.13777777777777778,62,1.0,0,0.0,6,0,56
0.75,0.5,450,62,0.13777777777777778,62,1.0,0,0.0,1,0,61
0.75,0.75,450,41,0.09111111111111111,41,1.0,0,0.0,0,0,41
