metric,estimate,ci95_low,ci95_high,bootstrap_reps,cluster,seed
classification_preservation_rate,1.0,1.0,1.0,10000,file_stem,20260926
DCEC_rate,0.7333333333333333,0.6765312150230071,0.78908272986614,10000,file_stem,20260926
DCEW_rate_given_DCEC,1.0,1.0,1.0,10000,file_stem,20260926
E_clean_mean,0.5839723507645367,0.5605389345006323,0.6068852743726325,10000,file_stem,20260926
E_adv_mean,0.09155903694421781,0.08011719597988529,0.10220568752579098,10000,file_stem,20260926
relative_E_degradation_median,0.8473963227730837,0.8265980098167672,0.8891499903453913,10000,file_stem,20260926
RRA_clean_mean,0.7143126639148165,0.7012072792989623,0.726395877721807,10000,file_stem,20260926
RRA_adv_mean,0.07182234456947634,0.061706253204805626,0.08139919696771458,10000,file_stem,20260926
relative_RRA_degradation_median,0.913340479291745,0.8952418294623705,0.945193987639118,10000,file_stem,20260926
mu_clean_median,6.337872103488975,6.040064823946372,6.60529871054236,10000,file_stem,20260926
mu_adv_median,0.7513755953707272,0.6169261826369328,0.9074300042545765,10000,file_stem,20260926
RRA_lift_clean_median,8.02583611823324,7.474555201241824,8.975125594602172,10000,file_stem,20260926
RRA_lift_adv_median,0.46161414969624526,0.3695907661291731,0.5901228420218351,10000,file_stem,20260926
PG_clean_mean,0.7488888888888889,0.6990489476634562,0.7972680367914525,10000,file_stem,20260926
PG_adv_mean,0.31333333333333335,0.25063922431933694,0.3729508196721312,10000,file_stem,20260926
pixel_linf_mean,0.0037683079202370994,0.003711969028340972,0.0038190507859667384,10000,file_stem,20260926
