step,attack_E_at_current,reference_E_at_current_before,reference_score_at_current_before,attack_reference_E_abs_gap,direct_proposal_score,direct_proposal_E,classification_pullback,bisection_evals,accepted_lambda,candidate_score,candidate_E,candidate_physical_linf,objective_nonincrease,step_accepted,current_score_after,current_E_after,current_physical_linf_after,gradient_seconds,step_wall_seconds,gradient_peak_allocated_gib,gradient_peak_reserved_gib,attention_modules_observed,total_query_chunks,split_attention_modules,max_chunks_one_attention
1,0.8431875109672546,0.8431875705718994,0.999677300453186,5.960464477539063e-08,0.9019782543182373,0.08190073072910309,False,0,1.0,0.9019782543182373,0.08190073072910309,0.0009803922148421407,True,True,0.9019782543182373,0.08190073072910309,0.0009803922148421407,53.1873826719966,102.81395593300113,45.209917068481445,62.5390625,32,142,32,9
2,0.0819007083773613,0.08190073072910309,0.9019782543182373,2.2351741790771484e-08,0.9708439111709595,0.049925681203603745,False,0,1.0,0.9708439111709595,0.049925681203603745,0.0019607844296842813,True,True,0.9708439111709595,0.049925681203603745,0.0019607844296842813,52.810835089003376,105.56406640500063,45.21079683303833,62.5390625,32,142,32,9
3,0.049925681203603745,0.049925681203603745,0.9708439111709595,0.0,0.920114278793335,0.034255288541316986,False,0,1.0,0.920114278793335,0.034255288541316986,0.002941176760941744,True,True,0.920114278793335,0.034255288541316986,0.002941176760941744,52.66595911499462,105.90588689099968,45.209917068481445,62.5390625,32,142,32,9
4,0.03425528109073639,0.034255288541316986,0.920114278793335,7.450580596923828e-09,0.9679209589958191,0.026756081730127335,False,0,1.0,0.9679209589958191,0.026756081730127335,0.003921568859368563,True,True,0.9679209589958191,0.026756081730127335,0.003921568859368563,52.974955228004546,106.61894726500032,45.21079683303833,62.5390625,32,142,32,9
5,0.026756081730127335,0.026756081730127335,0.9679209589958191,0.0,0.984288215637207,0.016938677057623863,False,0,1.0,0.984288215637207,0.016938677057623863,0.003921568859368563,True,True,0.984288215637207,0.016938677057623863,0.003921568859368563,52.85919723900588,106.07418231500196,45.209917068481445,62.5390625,32,142,32,9
6,0.016938677057623863,0.016938677057623863,0.984288215637207,0.0,0.9725934863090515,0.005612187087535858,False,0,1.0,0.9725934863090515,0.005612187087535858,0.003921568859368563,True,True,0.9725934863090515,0.005612187087535858,0.003921568859368563,52.98888466900098,106.64717496500089,45.21079683303833,62.5390625,32,142,32,9
7,0.005612187087535858,0.005612187087535858,0.9725934863090515,0.0,0.9960432052612305,0.0014413435710594058,False,0,1.0,0.9960432052612305,0.0014413435710594058,0.003921568859368563,True,True,0.9960432052612305,0.0014413435710594058,0.003921568859368563,52.827138143999036,105.87420838199614,45.209917068481445,62.5390625,32,142,32,9
8,0.0014413432218134403,0.0014413435710594058,0.9960432052612305,3.4924596548080444e-10,0.987556517124176,0.0010319487191736698,False,0,1.0,0.987556517124176,0.0010319487191736698,0.003921568859368563,True,True,0.987556517124176,0.0010319487191736698,0.003921568859368563,52.80942746299843,106.34249498900317,45.21079683303833,62.5390625,32,142,32,9
9,0.0010319489520043135,0.0010319487191736698,0.987556517124176,2.3283064365386963e-10,0.9985948204994202,0.0002805781550705433,False,0,1.0,0.9985948204994202,0.0002805781550705433,0.003921568859368563,True,True,0.9985948204994202,0.0002805781550705433,0.003921568859368563,52.60531609899044,106.04049070399924,45.209917068481445,62.5390625,32,142,32,9
10,0.00028057812596671283,0.0002805781550705433,0.9985948204994202,2.9103830456733704e-11,0.9959226846694946,0.00013264419976621866,False,0,1.0,0.9959226846694946,0.00013264419976621866,0.003921568859368563,True,True,0.9959226846694946,0.00013264419976621866,0.003921568859368563,52.76523080300103,105.36492015999829,45.21079683303833,62.5390625,32,142,32,9
